occurrence_id,occurrence_identifier
66531,taxa_inventory_occ_66531
66532,taxa_inventory_occ_66532
66533,taxa_inventory_occ_66533
66534,taxa_inventory_occ_66534
66535,taxa_inventory_occ_66535
68055,taxa_inventory_occ_68055
68056,taxa_inventory_occ_68056
68057,taxa_inventory_occ_68057
68058,taxa_inventory_occ_68058
68059,taxa_inventory_occ_68059
68060,taxa_inventory_occ_68060
68061,taxa_inventory_occ_68061
68062,taxa_inventory_occ_68062
68063,taxa_inventory_occ_68063
68064,taxa_inventory_occ_68064
68065,taxa_inventory_occ_68065
68066,taxa_inventory_occ_68066
68067,taxa_inventory_occ_68067
68068,taxa_inventory_occ_68068
68069,taxa_inventory_occ_68069
68070,taxa_inventory_occ_68070
68071,taxa_inventory_occ_68071
83242,taxa_inventory_occ_83242
83243,taxa_inventory_occ_83243
83244,taxa_inventory_occ_83244
83245,taxa_inventory_occ_83245
83246,taxa_inventory_occ_83246
83247,taxa_inventory_occ_83247
83248,taxa_inventory_occ_83248
83249,taxa_inventory_occ_83249
83250,taxa_inventory_occ_83250
83251,taxa_inventory_occ_83251
83252,taxa_inventory_occ_83252
83253,taxa_inventory_occ_83253
83254,taxa_inventory_occ_83254
83255,taxa_inventory_occ_83255
83256,taxa_inventory_occ_83256
83257,taxa_inventory_occ_83257
83258,taxa_inventory_occ_83258
83259,taxa_inventory_occ_83259
83260,taxa_inventory_occ_83260
83261,taxa_inventory_occ_83261
83262,taxa_inventory_occ_83262
83263,taxa_inventory_occ_83263
83264,taxa_inventory_occ_83264
83265,taxa_inventory_occ_83265
83266,taxa_inventory_occ_83266
83267,taxa_inventory_occ_83267
83268,taxa_inventory_occ_83268
83269,taxa_inventory_occ_83269
83270,taxa_inventory_occ_83270
83271,taxa_inventory_occ_83271
83272,taxa_inventory_occ_83272
83273,taxa_inventory_occ_83273
83274,taxa_inventory_occ_83274
83275,taxa_inventory_occ_83275
83276,taxa_inventory_occ_83276
83277,taxa_inventory_occ_83277
83279,taxa_inventory_occ_83279
83280,taxa_inventory_occ_83280
83281,taxa_inventory_occ_83281
83282,taxa_inventory_occ_83282
83283,taxa_inventory_occ_83283
83284,taxa_inventory_occ_83284
83285,taxa_inventory_occ_83285
83286,taxa_inventory_occ_83286
83287,taxa_inventory_occ_83287
83288,taxa_inventory_occ_83288
83289,taxa_inventory_occ_83289
83290,taxa_inventory_occ_83290
83291,taxa_inventory_occ_83291
83292,taxa_inventory_occ_83292
83293,taxa_inventory_occ_83293
83294,taxa_inventory_occ_83294
83295,taxa_inventory_occ_83295
83296,taxa_inventory_occ_83296
83297,taxa_inventory_occ_83297
83298,taxa_inventory_occ_83298
83299,taxa_inventory_occ_83299
83300,taxa_inventory_occ_83300
83301,taxa_inventory_occ_83301
83302,taxa_inventory_occ_83302
83303,taxa_inventory_occ_83303
83304,taxa_inventory_occ_83304
83305,taxa_inventory_occ_83305
83306,taxa_inventory_occ_83306
83307,taxa_inventory_occ_83307
83308,taxa_inventory_occ_83308
83309,taxa_inventory_occ_83309
83310,taxa_inventory_occ_83310
83311,taxa_inventory_occ_83311
83312,taxa_inventory_occ_83312
83313,taxa_inventory_occ_83313
83314,taxa_inventory_occ_83314
83315,taxa_inventory_occ_83315
83316,taxa_inventory_occ_83316
83317,taxa_inventory_occ_83317
83318,taxa_inventory_occ_83318
83319,taxa_inventory_occ_83319
83320,taxa_inventory_occ_83320
83321,taxa_inventory_occ_83321
83322,taxa_inventory_occ_83322
83323,taxa_inventory_occ_83323
83324,taxa_inventory_occ_83324
83325,taxa_inventory_occ_83325
83326,taxa_inventory_occ_83326
83327,taxa_inventory_occ_83327
83328,taxa_inventory_occ_83328
83329,taxa_inventory_occ_83329
83330,taxa_inventory_occ_83330
83331,taxa_inventory_occ_83331
83332,taxa_inventory_occ_83332
83333,taxa_inventory_occ_83333
83334,taxa_inventory_occ_83334
83335,taxa_inventory_occ_83335
83336,taxa_inventory_occ_83336
83337,taxa_inventory_occ_83337
83338,taxa_inventory_occ_83338
83339,taxa_inventory_occ_83339
83340,taxa_inventory_occ_83340
83341,taxa_inventory_occ_83341
83342,taxa_inventory_occ_83342
83343,taxa_inventory_occ_83343
83344,taxa_inventory_occ_83344
83345,taxa_inventory_occ_83345
83346,taxa_inventory_occ_83346
83347,taxa_inventory_occ_83347
83348,taxa_inventory_occ_83348
83349,taxa_inventory_occ_83349
83350,taxa_inventory_occ_83350
83351,taxa_inventory_occ_83351
83352,taxa_inventory_occ_83352
83353,taxa_inventory_occ_83353
83354,taxa_inventory_occ_83354
83355,taxa_inventory_occ_83355
83356,taxa_inventory_occ_83356
83357,taxa_inventory_occ_83357
83358,taxa_inventory_occ_83358
83359,taxa_inventory_occ_83359
83360,taxa_inventory_occ_83360
83361,taxa_inventory_occ_83361
83362,taxa_inventory_occ_83362
83363,taxa_inventory_occ_83363
83364,taxa_inventory_occ_83364
83365,taxa_inventory_occ_83365
83366,taxa_inventory_occ_83366
83367,taxa_inventory_occ_83367
83368,taxa_inventory_occ_83368
83369,taxa_inventory_occ_83369
83370,taxa_inventory_occ_83370
83371,taxa_inventory_occ_83371
83372,taxa_inventory_occ_83372
83373,taxa_inventory_occ_83373
83374,taxa_inventory_occ_83374
83375,taxa_inventory_occ_83375
83376,taxa_inventory_occ_83376
83377,taxa_inventory_occ_83377
83378,taxa_inventory_occ_83378
83379,taxa_inventory_occ_83379
83380,taxa_inventory_occ_83380
83381,taxa_inventory_occ_83381
83382,taxa_inventory_occ_83382
83383,taxa_inventory_occ_83383
83384,taxa_inventory_occ_83384
83385,taxa_inventory_occ_83385
83386,taxa_inventory_occ_83386
83387,taxa_inventory_occ_83387
83388,taxa_inventory_occ_83388
83390,taxa_inventory_occ_83390
88882,taxa_inventory_occ_88882
88883,taxa_inventory_occ_88883
88884,taxa_inventory_occ_88884
88885,taxa_inventory_occ_88885
88886,taxa_inventory_occ_88886
88887,taxa_inventory_occ_88887
88888,taxa_inventory_occ_88888
88889,taxa_inventory_occ_88889
88890,taxa_inventory_occ_88890
88891,taxa_inventory_occ_88891
88892,taxa_inventory_occ_88892
88893,taxa_inventory_occ_88893
88894,taxa_inventory_occ_88894
88895,taxa_inventory_occ_88895
88896,taxa_inventory_occ_88896
88897,taxa_inventory_occ_88897
88898,taxa_inventory_occ_88898
88899,taxa_inventory_occ_88899
88900,taxa_inventory_occ_88900
88901,taxa_inventory_occ_88901
88902,taxa_inventory_occ_88902
88903,taxa_inventory_occ_88903
88904,taxa_inventory_occ_88904
88905,taxa_inventory_occ_88905
88906,taxa_inventory_occ_88906
88907,taxa_inventory_occ_88907
88930,taxa_inventory_occ_88930
88931,taxa_inventory_occ_88931
88932,taxa_inventory_occ_88932
88933,taxa_inventory_occ_88933
88934,taxa_inventory_occ_88934
88935,taxa_inventory_occ_88935
88936,taxa_inventory_occ_88936
88937,taxa_inventory_occ_88937
88938,taxa_inventory_occ_88938
88939,taxa_inventory_occ_88939
88940,taxa_inventory_occ_88940
88941,taxa_inventory_occ_88941
88942,taxa_inventory_occ_88942
88943,taxa_inventory_occ_88943
88944,taxa_inventory_occ_88944
88952,taxa_inventory_occ_88952
88950,taxa_inventory_occ_88950
88949,taxa_inventory_occ_88949
88948,taxa_inventory_occ_88948
88947,taxa_inventory_occ_88947
88946,taxa_inventory_occ_88946
88945,taxa_inventory_occ_88945
88953,taxa_inventory_occ_88953
88954,taxa_inventory_occ_88954
88929,taxa_inventory_occ_88929
88928,taxa_inventory_occ_88928
88927,taxa_inventory_occ_88927
88926,taxa_inventory_occ_88926
88925,taxa_inventory_occ_88925
88924,taxa_inventory_occ_88924
88923,taxa_inventory_occ_88923
88922,taxa_inventory_occ_88922
88921,taxa_inventory_occ_88921
88920,taxa_inventory_occ_88920
88919,taxa_inventory_occ_88919
88918,taxa_inventory_occ_88918
88917,taxa_inventory_occ_88917
88916,taxa_inventory_occ_88916
88915,taxa_inventory_occ_88915
88914,taxa_inventory_occ_88914
88913,taxa_inventory_occ_88913
88912,taxa_inventory_occ_88912
88911,taxa_inventory_occ_88911
88910,taxa_inventory_occ_88910
88909,taxa_inventory_occ_88909
88908,taxa_inventory_occ_88908
88955,taxa_inventory_occ_88955
88956,taxa_inventory_occ_88956
88957,taxa_inventory_occ_88957
88958,taxa_inventory_occ_88958
88959,taxa_inventory_occ_88959
88960,taxa_inventory_occ_88960
88961,taxa_inventory_occ_88961
88962,taxa_inventory_occ_88962
88963,taxa_inventory_occ_88963
88964,taxa_inventory_occ_88964
88965,taxa_inventory_occ_88965
88966,taxa_inventory_occ_88966
88967,taxa_inventory_occ_88967
88968,taxa_inventory_occ_88968
88969,taxa_inventory_occ_88969
88970,taxa_inventory_occ_88970
88971,taxa_inventory_occ_88971
88972,taxa_inventory_occ_88972
88973,taxa_inventory_occ_88973
88974,taxa_inventory_occ_88974
88975,taxa_inventory_occ_88975
88976,taxa_inventory_occ_88976
88977,taxa_inventory_occ_88977
88978,taxa_inventory_occ_88978
88979,taxa_inventory_occ_88979
88980,taxa_inventory_occ_88980
88981,taxa_inventory_occ_88981
88982,taxa_inventory_occ_88982
88983,taxa_inventory_occ_88983
88984,taxa_inventory_occ_88984
89024,taxa_inventory_occ_89024
89025,taxa_inventory_occ_89025
89026,taxa_inventory_occ_89026
89027,taxa_inventory_occ_89027
89028,taxa_inventory_occ_89028
89029,taxa_inventory_occ_89029
89030,taxa_inventory_occ_89030
89031,taxa_inventory_occ_89031
89032,taxa_inventory_occ_89032
89033,taxa_inventory_occ_89033
89034,taxa_inventory_occ_89034
89035,taxa_inventory_occ_89035
89036,taxa_inventory_occ_89036
89037,taxa_inventory_occ_89037
89038,taxa_inventory_occ_89038
89039,taxa_inventory_occ_89039
89040,taxa_inventory_occ_89040
89041,taxa_inventory_occ_89041
89042,taxa_inventory_occ_89042
89043,taxa_inventory_occ_89043
89044,taxa_inventory_occ_89044
89045,taxa_inventory_occ_89045
89046,taxa_inventory_occ_89046
89047,taxa_inventory_occ_89047
89048,taxa_inventory_occ_89048
89049,taxa_inventory_occ_89049
89050,taxa_inventory_occ_89050
89051,taxa_inventory_occ_89051
89052,taxa_inventory_occ_89052
89053,taxa_inventory_occ_89053
89054,taxa_inventory_occ_89054
89055,taxa_inventory_occ_89055
89056,taxa_inventory_occ_89056
89062,taxa_inventory_occ_89062
89061,taxa_inventory_occ_89061
89060,taxa_inventory_occ_89060
89059,taxa_inventory_occ_89059
89058,taxa_inventory_occ_89058
89057,taxa_inventory_occ_89057
89013,taxa_inventory_occ_89013
89014,taxa_inventory_occ_89014
89015,taxa_inventory_occ_89015
89016,taxa_inventory_occ_89016
89017,taxa_inventory_occ_89017
89018,taxa_inventory_occ_89018
89019,taxa_inventory_occ_89019
89020,taxa_inventory_occ_89020
89021,taxa_inventory_occ_89021
89022,taxa_inventory_occ_89022
89023,taxa_inventory_occ_89023
88985,taxa_inventory_occ_88985
88986,taxa_inventory_occ_88986
88987,taxa_inventory_occ_88987
88988,taxa_inventory_occ_88988
88989,taxa_inventory_occ_88989
88990,taxa_inventory_occ_88990
88991,taxa_inventory_occ_88991
88992,taxa_inventory_occ_88992
88993,taxa_inventory_occ_88993
88994,taxa_inventory_occ_88994
88995,taxa_inventory_occ_88995
88996,taxa_inventory_occ_88996
88997,taxa_inventory_occ_88997
88998,taxa_inventory_occ_88998
88999,taxa_inventory_occ_88999
89000,taxa_inventory_occ_89000
89001,taxa_inventory_occ_89001
89002,taxa_inventory_occ_89002
89003,taxa_inventory_occ_89003
89004,taxa_inventory_occ_89004
89005,taxa_inventory_occ_89005
89006,taxa_inventory_occ_89006
89007,taxa_inventory_occ_89007
89008,taxa_inventory_occ_89008
89009,taxa_inventory_occ_89009
89010,taxa_inventory_occ_89010
89011,taxa_inventory_occ_89011
89012,taxa_inventory_occ_89012
89063,taxa_inventory_occ_89063
89064,taxa_inventory_occ_89064
89065,taxa_inventory_occ_89065
89066,taxa_inventory_occ_89066
89067,taxa_inventory_occ_89067
89068,taxa_inventory_occ_89068
89069,taxa_inventory_occ_89069
89070,taxa_inventory_occ_89070
89071,taxa_inventory_occ_89071
89072,taxa_inventory_occ_89072
89073,taxa_inventory_occ_89073
89074,taxa_inventory_occ_89074
89075,taxa_inventory_occ_89075
89076,taxa_inventory_occ_89076
89077,taxa_inventory_occ_89077
89078,taxa_inventory_occ_89078
89079,taxa_inventory_occ_89079
89080,taxa_inventory_occ_89080
89081,taxa_inventory_occ_89081
89082,taxa_inventory_occ_89082
89083,taxa_inventory_occ_89083
89084,taxa_inventory_occ_89084
89085,taxa_inventory_occ_89085
89086,taxa_inventory_occ_89086
89087,taxa_inventory_occ_89087
89088,taxa_inventory_occ_89088
89089,taxa_inventory_occ_89089
89090,taxa_inventory_occ_89090
89091,taxa_inventory_occ_89091
89092,taxa_inventory_occ_89092
89093,taxa_inventory_occ_89093
89094,taxa_inventory_occ_89094
89095,taxa_inventory_occ_89095
89096,taxa_inventory_occ_89096
89097,taxa_inventory_occ_89097
89098,taxa_inventory_occ_89098
89099,taxa_inventory_occ_89099
89100,taxa_inventory_occ_89100
89101,taxa_inventory_occ_89101
89102,taxa_inventory_occ_89102
89103,taxa_inventory_occ_89103
89104,taxa_inventory_occ_89104
89105,taxa_inventory_occ_89105
89106,taxa_inventory_occ_89106
89107,taxa_inventory_occ_89107
89108,taxa_inventory_occ_89108
89109,taxa_inventory_occ_89109
89110,taxa_inventory_occ_89110
89111,taxa_inventory_occ_89111
89112,taxa_inventory_occ_89112
89113,taxa_inventory_occ_89113
89114,taxa_inventory_occ_89114
89115,taxa_inventory_occ_89115
89116,taxa_inventory_occ_89116
89117,taxa_inventory_occ_89117
89118,taxa_inventory_occ_89118
89119,taxa_inventory_occ_89119
89120,taxa_inventory_occ_89120
89121,taxa_inventory_occ_89121
89122,taxa_inventory_occ_89122
89123,taxa_inventory_occ_89123
89124,taxa_inventory_occ_89124
89125,taxa_inventory_occ_89125
89126,taxa_inventory_occ_89126
89127,taxa_inventory_occ_89127
89128,taxa_inventory_occ_89128
89129,taxa_inventory_occ_89129
89130,taxa_inventory_occ_89130
89131,taxa_inventory_occ_89131
89132,taxa_inventory_occ_89132
89133,taxa_inventory_occ_89133
89134,taxa_inventory_occ_89134
89135,taxa_inventory_occ_89135
89136,taxa_inventory_occ_89136
89137,taxa_inventory_occ_89137
89138,taxa_inventory_occ_89138
89139,taxa_inventory_occ_89139
89140,taxa_inventory_occ_89140
89141,taxa_inventory_occ_89141
89142,taxa_inventory_occ_89142
89143,taxa_inventory_occ_89143
89144,taxa_inventory_occ_89144
89145,taxa_inventory_occ_89145
89146,taxa_inventory_occ_89146
89147,taxa_inventory_occ_89147
89148,taxa_inventory_occ_89148
89149,taxa_inventory_occ_89149
89150,taxa_inventory_occ_89150
89151,taxa_inventory_occ_89151
89152,taxa_inventory_occ_89152
89153,taxa_inventory_occ_89153
89154,taxa_inventory_occ_89154
89155,taxa_inventory_occ_89155
89156,taxa_inventory_occ_89156
89157,taxa_inventory_occ_89157
89158,taxa_inventory_occ_89158
89159,taxa_inventory_occ_89159
89160,taxa_inventory_occ_89160
89161,taxa_inventory_occ_89161
89162,taxa_inventory_occ_89162
89163,taxa_inventory_occ_89163
89164,taxa_inventory_occ_89164
89165,taxa_inventory_occ_89165
89166,taxa_inventory_occ_89166
89167,taxa_inventory_occ_89167
89168,taxa_inventory_occ_89168
89169,taxa_inventory_occ_89169
89170,taxa_inventory_occ_89170
89171,taxa_inventory_occ_89171
89172,taxa_inventory_occ_89172
89173,taxa_inventory_occ_89173
89174,taxa_inventory_occ_89174
89175,taxa_inventory_occ_89175
89176,taxa_inventory_occ_89176
89177,taxa_inventory_occ_89177
89178,taxa_inventory_occ_89178
89179,taxa_inventory_occ_89179
89180,taxa_inventory_occ_89180
89181,taxa_inventory_occ_89181
89182,taxa_inventory_occ_89182
89183,taxa_inventory_occ_89183
89184,taxa_inventory_occ_89184
89193,taxa_inventory_occ_89193
89194,taxa_inventory_occ_89194
89195,taxa_inventory_occ_89195
89196,taxa_inventory_occ_89196
89197,taxa_inventory_occ_89197
89198,taxa_inventory_occ_89198
89199,taxa_inventory_occ_89199
89200,taxa_inventory_occ_89200
89201,taxa_inventory_occ_89201
89202,taxa_inventory_occ_89202
89203,taxa_inventory_occ_89203
89192,taxa_inventory_occ_89192
89191,taxa_inventory_occ_89191
89190,taxa_inventory_occ_89190
89189,taxa_inventory_occ_89189
89188,taxa_inventory_occ_89188
89187,taxa_inventory_occ_89187
89186,taxa_inventory_occ_89186
89185,taxa_inventory_occ_89185
89204,taxa_inventory_occ_89204
89205,taxa_inventory_occ_89205
89206,taxa_inventory_occ_89206
89207,taxa_inventory_occ_89207
89208,taxa_inventory_occ_89208
89209,taxa_inventory_occ_89209
89210,taxa_inventory_occ_89210
89211,taxa_inventory_occ_89211
89212,taxa_inventory_occ_89212
89213,taxa_inventory_occ_89213
89214,taxa_inventory_occ_89214
89215,taxa_inventory_occ_89215
89216,taxa_inventory_occ_89216
89217,taxa_inventory_occ_89217
89218,taxa_inventory_occ_89218
89219,taxa_inventory_occ_89219
89220,taxa_inventory_occ_89220
89221,taxa_inventory_occ_89221
89222,taxa_inventory_occ_89222
89223,taxa_inventory_occ_89223
89224,taxa_inventory_occ_89224
89225,taxa_inventory_occ_89225
89226,taxa_inventory_occ_89226
89227,taxa_inventory_occ_89227
89228,taxa_inventory_occ_89228
89229,taxa_inventory_occ_89229
89230,taxa_inventory_occ_89230
89231,taxa_inventory_occ_89231
89232,taxa_inventory_occ_89232
89233,taxa_inventory_occ_89233
89234,taxa_inventory_occ_89234
89235,taxa_inventory_occ_89235
89236,taxa_inventory_occ_89236
89237,taxa_inventory_occ_89237
89238,taxa_inventory_occ_89238
89239,taxa_inventory_occ_89239
89240,taxa_inventory_occ_89240
89241,taxa_inventory_occ_89241
89242,taxa_inventory_occ_89242
89243,taxa_inventory_occ_89243
89244,taxa_inventory_occ_89244
89245,taxa_inventory_occ_89245
89246,taxa_inventory_occ_89246
89247,taxa_inventory_occ_89247
89248,taxa_inventory_occ_89248
89249,taxa_inventory_occ_89249
89250,taxa_inventory_occ_89250
89251,taxa_inventory_occ_89251
89252,taxa_inventory_occ_89252
89253,taxa_inventory_occ_89253
89254,taxa_inventory_occ_89254
89255,taxa_inventory_occ_89255
89256,taxa_inventory_occ_89256
89257,taxa_inventory_occ_89257
89258,taxa_inventory_occ_89258
89259,taxa_inventory_occ_89259
89260,taxa_inventory_occ_89260
89261,taxa_inventory_occ_89261
89262,taxa_inventory_occ_89262
89263,taxa_inventory_occ_89263
89264,taxa_inventory_occ_89264
89265,taxa_inventory_occ_89265
89266,taxa_inventory_occ_89266
89267,taxa_inventory_occ_89267
89268,taxa_inventory_occ_89268
89269,taxa_inventory_occ_89269
89270,taxa_inventory_occ_89270
89271,taxa_inventory_occ_89271
89272,taxa_inventory_occ_89272
89273,taxa_inventory_occ_89273
89274,taxa_inventory_occ_89274
89275,taxa_inventory_occ_89275
89276,taxa_inventory_occ_89276
89277,taxa_inventory_occ_89277
89278,taxa_inventory_occ_89278
89279,taxa_inventory_occ_89279
89280,taxa_inventory_occ_89280
89281,taxa_inventory_occ_89281
89282,taxa_inventory_occ_89282
89283,taxa_inventory_occ_89283
89284,taxa_inventory_occ_89284
89285,taxa_inventory_occ_89285
89286,taxa_inventory_occ_89286
89287,taxa_inventory_occ_89287
89288,taxa_inventory_occ_89288
89289,taxa_inventory_occ_89289
89290,taxa_inventory_occ_89290
89291,taxa_inventory_occ_89291
89292,taxa_inventory_occ_89292
89293,taxa_inventory_occ_89293
89294,taxa_inventory_occ_89294
89295,taxa_inventory_occ_89295
89296,taxa_inventory_occ_89296
89297,taxa_inventory_occ_89297
89298,taxa_inventory_occ_89298
89299,taxa_inventory_occ_89299
89300,taxa_inventory_occ_89300
89301,taxa_inventory_occ_89301
89302,taxa_inventory_occ_89302
89303,taxa_inventory_occ_89303
89304,taxa_inventory_occ_89304
89305,taxa_inventory_occ_89305
89306,taxa_inventory_occ_89306
89307,taxa_inventory_occ_89307
89308,taxa_inventory_occ_89308
89309,taxa_inventory_occ_89309
89310,taxa_inventory_occ_89310
89311,taxa_inventory_occ_89311
89312,taxa_inventory_occ_89312
89313,taxa_inventory_occ_89313
89314,taxa_inventory_occ_89314
89315,taxa_inventory_occ_89315
89316,taxa_inventory_occ_89316
89317,taxa_inventory_occ_89317
89318,taxa_inventory_occ_89318
89319,taxa_inventory_occ_89319
89320,taxa_inventory_occ_89320
89321,taxa_inventory_occ_89321
89322,taxa_inventory_occ_89322
89323,taxa_inventory_occ_89323
89324,taxa_inventory_occ_89324
89325,taxa_inventory_occ_89325
89326,taxa_inventory_occ_89326
89327,taxa_inventory_occ_89327
89328,taxa_inventory_occ_89328
89329,taxa_inventory_occ_89329
89330,taxa_inventory_occ_89330
89331,taxa_inventory_occ_89331
89332,taxa_inventory_occ_89332
89333,taxa_inventory_occ_89333
89334,taxa_inventory_occ_89334
89335,taxa_inventory_occ_89335
89336,taxa_inventory_occ_89336
89337,taxa_inventory_occ_89337
89338,taxa_inventory_occ_89338
89339,taxa_inventory_occ_89339
89340,taxa_inventory_occ_89340
89341,taxa_inventory_occ_89341
89342,taxa_inventory_occ_89342
89343,taxa_inventory_occ_89343
89344,taxa_inventory_occ_89344
89345,taxa_inventory_occ_89345
89346,taxa_inventory_occ_89346
89347,taxa_inventory_occ_89347
89348,taxa_inventory_occ_89348
89349,taxa_inventory_occ_89349
89350,taxa_inventory_occ_89350
89351,taxa_inventory_occ_89351
89352,taxa_inventory_occ_89352
89353,taxa_inventory_occ_89353
89354,taxa_inventory_occ_89354
89355,taxa_inventory_occ_89355
89356,taxa_inventory_occ_89356
89357,taxa_inventory_occ_89357
89358,taxa_inventory_occ_89358
89359,taxa_inventory_occ_89359
89360,taxa_inventory_occ_89360
89361,taxa_inventory_occ_89361
89362,taxa_inventory_occ_89362
89363,taxa_inventory_occ_89363
89364,taxa_inventory_occ_89364
89365,taxa_inventory_occ_89365
89366,taxa_inventory_occ_89366
89367,taxa_inventory_occ_89367
89368,taxa_inventory_occ_89368
89369,taxa_inventory_occ_89369
89370,taxa_inventory_occ_89370
89371,taxa_inventory_occ_89371
89372,taxa_inventory_occ_89372
89373,taxa_inventory_occ_89373
89374,taxa_inventory_occ_89374
89375,taxa_inventory_occ_89375
89376,taxa_inventory_occ_89376
89377,taxa_inventory_occ_89377
89378,taxa_inventory_occ_89378
89379,taxa_inventory_occ_89379
89380,taxa_inventory_occ_89380
89381,taxa_inventory_occ_89381
89382,taxa_inventory_occ_89382
89383,taxa_inventory_occ_89383
89384,taxa_inventory_occ_89384
89385,taxa_inventory_occ_89385
89386,taxa_inventory_occ_89386
89387,taxa_inventory_occ_89387
89388,taxa_inventory_occ_89388
89389,taxa_inventory_occ_89389
89390,taxa_inventory_occ_89390
89391,taxa_inventory_occ_89391
89392,taxa_inventory_occ_89392
89393,taxa_inventory_occ_89393
89394,taxa_inventory_occ_89394
89395,taxa_inventory_occ_89395
89396,taxa_inventory_occ_89396
89397,taxa_inventory_occ_89397
89398,taxa_inventory_occ_89398
89399,taxa_inventory_occ_89399
89400,taxa_inventory_occ_89400
89401,taxa_inventory_occ_89401
89402,taxa_inventory_occ_89402
89403,taxa_inventory_occ_89403
89404,taxa_inventory_occ_89404
89405,taxa_inventory_occ_89405
89406,taxa_inventory_occ_89406
89407,taxa_inventory_occ_89407
89408,taxa_inventory_occ_89408
89409,taxa_inventory_occ_89409
89410,taxa_inventory_occ_89410
89411,taxa_inventory_occ_89411
89412,taxa_inventory_occ_89412
89413,taxa_inventory_occ_89413
89414,taxa_inventory_occ_89414
89415,taxa_inventory_occ_89415
89416,taxa_inventory_occ_89416
89417,taxa_inventory_occ_89417
89418,taxa_inventory_occ_89418
89419,taxa_inventory_occ_89419
89420,taxa_inventory_occ_89420
89421,taxa_inventory_occ_89421
89422,taxa_inventory_occ_89422
89423,taxa_inventory_occ_89423
89424,taxa_inventory_occ_89424
89425,taxa_inventory_occ_89425
89426,taxa_inventory_occ_89426
89427,taxa_inventory_occ_89427
89428,taxa_inventory_occ_89428
89429,taxa_inventory_occ_89429
89430,taxa_inventory_occ_89430
89431,taxa_inventory_occ_89431
89432,taxa_inventory_occ_89432
89433,taxa_inventory_occ_89433
89434,taxa_inventory_occ_89434
89435,taxa_inventory_occ_89435
89436,taxa_inventory_occ_89436
89437,taxa_inventory_occ_89437
89438,taxa_inventory_occ_89438
89439,taxa_inventory_occ_89439
89440,taxa_inventory_occ_89440
89441,taxa_inventory_occ_89441
89442,taxa_inventory_occ_89442
89443,taxa_inventory_occ_89443
89444,taxa_inventory_occ_89444
89445,taxa_inventory_occ_89445
89446,taxa_inventory_occ_89446
89447,taxa_inventory_occ_89447
89448,taxa_inventory_occ_89448
89449,taxa_inventory_occ_89449
89450,taxa_inventory_occ_89450
89451,taxa_inventory_occ_89451
89452,taxa_inventory_occ_89452
89453,taxa_inventory_occ_89453
89454,taxa_inventory_occ_89454
89455,taxa_inventory_occ_89455
89456,taxa_inventory_occ_89456
89475,taxa_inventory_occ_89475
89476,taxa_inventory_occ_89476
89477,taxa_inventory_occ_89477
89478,taxa_inventory_occ_89478
89479,taxa_inventory_occ_89479
89480,taxa_inventory_occ_89480
89481,taxa_inventory_occ_89481
89482,taxa_inventory_occ_89482
89483,taxa_inventory_occ_89483
89484,taxa_inventory_occ_89484
89485,taxa_inventory_occ_89485
89486,taxa_inventory_occ_89486
89487,taxa_inventory_occ_89487
89488,taxa_inventory_occ_89488
89489,taxa_inventory_occ_89489
89490,taxa_inventory_occ_89490
89491,taxa_inventory_occ_89491
89492,taxa_inventory_occ_89492
89474,taxa_inventory_occ_89474
89473,taxa_inventory_occ_89473
89472,taxa_inventory_occ_89472
89471,taxa_inventory_occ_89471
89470,taxa_inventory_occ_89470
89469,taxa_inventory_occ_89469
89468,taxa_inventory_occ_89468
89467,taxa_inventory_occ_89467
89466,taxa_inventory_occ_89466
89465,taxa_inventory_occ_89465
89464,taxa_inventory_occ_89464
89463,taxa_inventory_occ_89463
89462,taxa_inventory_occ_89462
89461,taxa_inventory_occ_89461
89460,taxa_inventory_occ_89460
89459,taxa_inventory_occ_89459
89458,taxa_inventory_occ_89458
89457,taxa_inventory_occ_89457
89493,taxa_inventory_occ_89493
89494,taxa_inventory_occ_89494
89495,taxa_inventory_occ_89495
89496,taxa_inventory_occ_89496
89497,taxa_inventory_occ_89497
89498,taxa_inventory_occ_89498
89499,taxa_inventory_occ_89499
89500,taxa_inventory_occ_89500
89501,taxa_inventory_occ_89501
89519,taxa_inventory_occ_89519
89520,taxa_inventory_occ_89520
89521,taxa_inventory_occ_89521
89522,taxa_inventory_occ_89522
89523,taxa_inventory_occ_89523
89524,taxa_inventory_occ_89524
89525,taxa_inventory_occ_89525
89526,taxa_inventory_occ_89526
89527,taxa_inventory_occ_89527
89528,taxa_inventory_occ_89528
89529,taxa_inventory_occ_89529
89530,taxa_inventory_occ_89530
89531,taxa_inventory_occ_89531
89532,taxa_inventory_occ_89532
89533,taxa_inventory_occ_89533
89534,taxa_inventory_occ_89534
89535,taxa_inventory_occ_89535
89620,taxa_inventory_occ_89620
89621,taxa_inventory_occ_89621
89622,taxa_inventory_occ_89622
89623,taxa_inventory_occ_89623
89624,taxa_inventory_occ_89624
89625,taxa_inventory_occ_89625
89626,taxa_inventory_occ_89626
89627,taxa_inventory_occ_89627
89628,taxa_inventory_occ_89628
89629,taxa_inventory_occ_89629
89630,taxa_inventory_occ_89630
89631,taxa_inventory_occ_89631
89632,taxa_inventory_occ_89632
89633,taxa_inventory_occ_89633
89634,taxa_inventory_occ_89634
89635,taxa_inventory_occ_89635
89636,taxa_inventory_occ_89636
89637,taxa_inventory_occ_89637
89638,taxa_inventory_occ_89638
89639,taxa_inventory_occ_89639
89640,taxa_inventory_occ_89640
89518,taxa_inventory_occ_89518
89517,taxa_inventory_occ_89517
89516,taxa_inventory_occ_89516
89515,taxa_inventory_occ_89515
89514,taxa_inventory_occ_89514
89513,taxa_inventory_occ_89513
89512,taxa_inventory_occ_89512
89511,taxa_inventory_occ_89511
89510,taxa_inventory_occ_89510
89509,taxa_inventory_occ_89509
89508,taxa_inventory_occ_89508
89507,taxa_inventory_occ_89507
89506,taxa_inventory_occ_89506
89505,taxa_inventory_occ_89505
89504,taxa_inventory_occ_89504
89503,taxa_inventory_occ_89503
89502,taxa_inventory_occ_89502
89584,taxa_inventory_occ_89584
89583,taxa_inventory_occ_89583
89582,taxa_inventory_occ_89582
89581,taxa_inventory_occ_89581
89580,taxa_inventory_occ_89580
89579,taxa_inventory_occ_89579
89578,taxa_inventory_occ_89578
89577,taxa_inventory_occ_89577
89576,taxa_inventory_occ_89576
89575,taxa_inventory_occ_89575
89574,taxa_inventory_occ_89574
89573,taxa_inventory_occ_89573
89572,taxa_inventory_occ_89572
89571,taxa_inventory_occ_89571
89570,taxa_inventory_occ_89570
89569,taxa_inventory_occ_89569
89568,taxa_inventory_occ_89568
89567,taxa_inventory_occ_89567
89566,taxa_inventory_occ_89566
89565,taxa_inventory_occ_89565
89564,taxa_inventory_occ_89564
89563,taxa_inventory_occ_89563
89562,taxa_inventory_occ_89562
89561,taxa_inventory_occ_89561
89560,taxa_inventory_occ_89560
89559,taxa_inventory_occ_89559
89558,taxa_inventory_occ_89558
89557,taxa_inventory_occ_89557
89556,taxa_inventory_occ_89556
89555,taxa_inventory_occ_89555
89554,taxa_inventory_occ_89554
89553,taxa_inventory_occ_89553
89552,taxa_inventory_occ_89552
89551,taxa_inventory_occ_89551
89550,taxa_inventory_occ_89550
89549,taxa_inventory_occ_89549
89548,taxa_inventory_occ_89548
89547,taxa_inventory_occ_89547
89546,taxa_inventory_occ_89546
89545,taxa_inventory_occ_89545
89544,taxa_inventory_occ_89544
89543,taxa_inventory_occ_89543
89542,taxa_inventory_occ_89542
89541,taxa_inventory_occ_89541
89540,taxa_inventory_occ_89540
89539,taxa_inventory_occ_89539
89538,taxa_inventory_occ_89538
89537,taxa_inventory_occ_89537
89536,taxa_inventory_occ_89536
89641,taxa_inventory_occ_89641
89642,taxa_inventory_occ_89642
89643,taxa_inventory_occ_89643
89644,taxa_inventory_occ_89644
89645,taxa_inventory_occ_89645
89646,taxa_inventory_occ_89646
89647,taxa_inventory_occ_89647
89648,taxa_inventory_occ_89648
89649,taxa_inventory_occ_89649
89650,taxa_inventory_occ_89650
89651,taxa_inventory_occ_89651
89652,taxa_inventory_occ_89652
89653,taxa_inventory_occ_89653
89654,taxa_inventory_occ_89654
89655,taxa_inventory_occ_89655
89656,taxa_inventory_occ_89656
89657,taxa_inventory_occ_89657
89658,taxa_inventory_occ_89658
89659,taxa_inventory_occ_89659
89660,taxa_inventory_occ_89660
89661,taxa_inventory_occ_89661
89662,taxa_inventory_occ_89662
89663,taxa_inventory_occ_89663
89664,taxa_inventory_occ_89664
89665,taxa_inventory_occ_89665
89666,taxa_inventory_occ_89666
89667,taxa_inventory_occ_89667
89668,taxa_inventory_occ_89668
89669,taxa_inventory_occ_89669
89670,taxa_inventory_occ_89670
89619,taxa_inventory_occ_89619
89618,taxa_inventory_occ_89618
89617,taxa_inventory_occ_89617
89616,taxa_inventory_occ_89616
89615,taxa_inventory_occ_89615
89614,taxa_inventory_occ_89614
89613,taxa_inventory_occ_89613
89612,taxa_inventory_occ_89612
89611,taxa_inventory_occ_89611
89610,taxa_inventory_occ_89610
89609,taxa_inventory_occ_89609
89608,taxa_inventory_occ_89608
89607,taxa_inventory_occ_89607
89606,taxa_inventory_occ_89606
89605,taxa_inventory_occ_89605
89604,taxa_inventory_occ_89604
89603,taxa_inventory_occ_89603
89602,taxa_inventory_occ_89602
89601,taxa_inventory_occ_89601
89600,taxa_inventory_occ_89600
89599,taxa_inventory_occ_89599
89598,taxa_inventory_occ_89598
89597,taxa_inventory_occ_89597
89596,taxa_inventory_occ_89596
89595,taxa_inventory_occ_89595
89594,taxa_inventory_occ_89594
89593,taxa_inventory_occ_89593
89592,taxa_inventory_occ_89592
89591,taxa_inventory_occ_89591
89590,taxa_inventory_occ_89590
89589,taxa_inventory_occ_89589
89588,taxa_inventory_occ_89588
89586,taxa_inventory_occ_89586
89585,taxa_inventory_occ_89585
89671,taxa_inventory_occ_89671
89672,taxa_inventory_occ_89672
89673,taxa_inventory_occ_89673
89674,taxa_inventory_occ_89674
89675,taxa_inventory_occ_89675
89676,taxa_inventory_occ_89676
89677,taxa_inventory_occ_89677
89678,taxa_inventory_occ_89678
89679,taxa_inventory_occ_89679
89683,taxa_inventory_occ_89683
89684,taxa_inventory_occ_89684
89685,taxa_inventory_occ_89685
89686,taxa_inventory_occ_89686
89687,taxa_inventory_occ_89687
89688,taxa_inventory_occ_89688
89689,taxa_inventory_occ_89689
89690,taxa_inventory_occ_89690
89691,taxa_inventory_occ_89691
89692,taxa_inventory_occ_89692
89708,taxa_inventory_occ_89708
89707,taxa_inventory_occ_89707
89706,taxa_inventory_occ_89706
89705,taxa_inventory_occ_89705
89704,taxa_inventory_occ_89704
89703,taxa_inventory_occ_89703
89702,taxa_inventory_occ_89702
89701,taxa_inventory_occ_89701
89700,taxa_inventory_occ_89700
89699,taxa_inventory_occ_89699
89698,taxa_inventory_occ_89698
89697,taxa_inventory_occ_89697
89722,taxa_inventory_occ_89722
89721,taxa_inventory_occ_89721
89720,taxa_inventory_occ_89720
89719,taxa_inventory_occ_89719
89718,taxa_inventory_occ_89718
89717,taxa_inventory_occ_89717
89716,taxa_inventory_occ_89716
89715,taxa_inventory_occ_89715
89714,taxa_inventory_occ_89714
89713,taxa_inventory_occ_89713
89712,taxa_inventory_occ_89712
89711,taxa_inventory_occ_89711
89710,taxa_inventory_occ_89710
89709,taxa_inventory_occ_89709
89770,taxa_inventory_occ_89770
89769,taxa_inventory_occ_89769
89768,taxa_inventory_occ_89768
89767,taxa_inventory_occ_89767
89766,taxa_inventory_occ_89766
89765,taxa_inventory_occ_89765
89764,taxa_inventory_occ_89764
89763,taxa_inventory_occ_89763
89762,taxa_inventory_occ_89762
89761,taxa_inventory_occ_89761
89760,taxa_inventory_occ_89760
89759,taxa_inventory_occ_89759
89758,taxa_inventory_occ_89758
89757,taxa_inventory_occ_89757
89756,taxa_inventory_occ_89756
89755,taxa_inventory_occ_89755
89754,taxa_inventory_occ_89754
89771,taxa_inventory_occ_89771
89772,taxa_inventory_occ_89772
89773,taxa_inventory_occ_89773
89774,taxa_inventory_occ_89774
89775,taxa_inventory_occ_89775
89776,taxa_inventory_occ_89776
89777,taxa_inventory_occ_89777
89778,taxa_inventory_occ_89778
89779,taxa_inventory_occ_89779
89780,taxa_inventory_occ_89780
89781,taxa_inventory_occ_89781
89782,taxa_inventory_occ_89782
89783,taxa_inventory_occ_89783
89784,taxa_inventory_occ_89784
89785,taxa_inventory_occ_89785
89786,taxa_inventory_occ_89786
89787,taxa_inventory_occ_89787
89788,taxa_inventory_occ_89788
89789,taxa_inventory_occ_89789
89790,taxa_inventory_occ_89790
89791,taxa_inventory_occ_89791
89792,taxa_inventory_occ_89792
89793,taxa_inventory_occ_89793
89807,taxa_inventory_occ_89807
89808,taxa_inventory_occ_89808
89809,taxa_inventory_occ_89809
89810,taxa_inventory_occ_89810
89811,taxa_inventory_occ_89811
89812,taxa_inventory_occ_89812
89813,taxa_inventory_occ_89813
89814,taxa_inventory_occ_89814
89815,taxa_inventory_occ_89815
89816,taxa_inventory_occ_89816
89817,taxa_inventory_occ_89817
89818,taxa_inventory_occ_89818
89819,taxa_inventory_occ_89819
89820,taxa_inventory_occ_89820
89821,taxa_inventory_occ_89821
89822,taxa_inventory_occ_89822
89823,taxa_inventory_occ_89823
89824,taxa_inventory_occ_89824
89825,taxa_inventory_occ_89825
89826,taxa_inventory_occ_89826
89827,taxa_inventory_occ_89827
89828,taxa_inventory_occ_89828
89829,taxa_inventory_occ_89829
89830,taxa_inventory_occ_89830
89831,taxa_inventory_occ_89831
89832,taxa_inventory_occ_89832
89833,taxa_inventory_occ_89833
89834,taxa_inventory_occ_89834
89835,taxa_inventory_occ_89835
89836,taxa_inventory_occ_89836
89837,taxa_inventory_occ_89837
89838,taxa_inventory_occ_89838
89839,taxa_inventory_occ_89839
89840,taxa_inventory_occ_89840
89841,taxa_inventory_occ_89841
89842,taxa_inventory_occ_89842
89843,taxa_inventory_occ_89843
89844,taxa_inventory_occ_89844
89723,taxa_inventory_occ_89723
89724,taxa_inventory_occ_89724
89725,taxa_inventory_occ_89725
89726,taxa_inventory_occ_89726
89727,taxa_inventory_occ_89727
89680,taxa_inventory_occ_89680
89681,taxa_inventory_occ_89681
89682,taxa_inventory_occ_89682
89693,taxa_inventory_occ_89693
89694,taxa_inventory_occ_89694
89695,taxa_inventory_occ_89695
89696,taxa_inventory_occ_89696
89749,taxa_inventory_occ_89749
89748,taxa_inventory_occ_89748
89743,taxa_inventory_occ_89743
89742,taxa_inventory_occ_89742
89741,taxa_inventory_occ_89741
89805,taxa_inventory_occ_89805
89753,taxa_inventory_occ_89753
89752,taxa_inventory_occ_89752
89751,taxa_inventory_occ_89751
89740,taxa_inventory_occ_89740
89739,taxa_inventory_occ_89739
89738,taxa_inventory_occ_89738
89750,taxa_inventory_occ_89750
89747,taxa_inventory_occ_89747
89746,taxa_inventory_occ_89746
89745,taxa_inventory_occ_89745
89744,taxa_inventory_occ_89744
89804,taxa_inventory_occ_89804
89794,taxa_inventory_occ_89794
89795,taxa_inventory_occ_89795
89796,taxa_inventory_occ_89796
89803,taxa_inventory_occ_89803
89802,taxa_inventory_occ_89802
89801,taxa_inventory_occ_89801
89800,taxa_inventory_occ_89800
89799,taxa_inventory_occ_89799
89798,taxa_inventory_occ_89798
89797,taxa_inventory_occ_89797
89845,taxa_inventory_occ_89845
89731,taxa_inventory_occ_89731
89732,taxa_inventory_occ_89732
89733,taxa_inventory_occ_89733
89734,taxa_inventory_occ_89734
89735,taxa_inventory_occ_89735
89728,taxa_inventory_occ_89728
89729,taxa_inventory_occ_89729
89730,taxa_inventory_occ_89730
89737,taxa_inventory_occ_89737
89736,taxa_inventory_occ_89736
89806,taxa_inventory_occ_89806
89940,taxa_inventory_occ_89940
89850,taxa_inventory_occ_89850
89851,taxa_inventory_occ_89851
89852,taxa_inventory_occ_89852
89875,taxa_inventory_occ_89875
89874,taxa_inventory_occ_89874
89873,taxa_inventory_occ_89873
89872,taxa_inventory_occ_89872
89871,taxa_inventory_occ_89871
89870,taxa_inventory_occ_89870
89869,taxa_inventory_occ_89869
89868,taxa_inventory_occ_89868
89867,taxa_inventory_occ_89867
89866,taxa_inventory_occ_89866
89865,taxa_inventory_occ_89865
89864,taxa_inventory_occ_89864
89863,taxa_inventory_occ_89863
89862,taxa_inventory_occ_89862
89861,taxa_inventory_occ_89861
89860,taxa_inventory_occ_89860
89859,taxa_inventory_occ_89859
89858,taxa_inventory_occ_89858
89857,taxa_inventory_occ_89857
89856,taxa_inventory_occ_89856
89855,taxa_inventory_occ_89855
89854,taxa_inventory_occ_89854
89853,taxa_inventory_occ_89853
89895,taxa_inventory_occ_89895
89894,taxa_inventory_occ_89894
89893,taxa_inventory_occ_89893
89892,taxa_inventory_occ_89892
89891,taxa_inventory_occ_89891
89890,taxa_inventory_occ_89890
89889,taxa_inventory_occ_89889
89888,taxa_inventory_occ_89888
89887,taxa_inventory_occ_89887
89886,taxa_inventory_occ_89886
89885,taxa_inventory_occ_89885
89884,taxa_inventory_occ_89884
89883,taxa_inventory_occ_89883
89882,taxa_inventory_occ_89882
89881,taxa_inventory_occ_89881
89880,taxa_inventory_occ_89880
89879,taxa_inventory_occ_89879
89878,taxa_inventory_occ_89878
89877,taxa_inventory_occ_89877
89876,taxa_inventory_occ_89876
89896,taxa_inventory_occ_89896
89897,taxa_inventory_occ_89897
89898,taxa_inventory_occ_89898
89899,taxa_inventory_occ_89899
89900,taxa_inventory_occ_89900
89901,taxa_inventory_occ_89901
89902,taxa_inventory_occ_89902
89903,taxa_inventory_occ_89903
89904,taxa_inventory_occ_89904
89905,taxa_inventory_occ_89905
89939,taxa_inventory_occ_89939
89938,taxa_inventory_occ_89938
89937,taxa_inventory_occ_89937
89936,taxa_inventory_occ_89936
89935,taxa_inventory_occ_89935
89934,taxa_inventory_occ_89934
89933,taxa_inventory_occ_89933
89932,taxa_inventory_occ_89932
89931,taxa_inventory_occ_89931
89930,taxa_inventory_occ_89930
89929,taxa_inventory_occ_89929
89922,taxa_inventory_occ_89922
89921,taxa_inventory_occ_89921
89920,taxa_inventory_occ_89920
89919,taxa_inventory_occ_89919
89918,taxa_inventory_occ_89918
89917,taxa_inventory_occ_89917
89916,taxa_inventory_occ_89916
89915,taxa_inventory_occ_89915
89914,taxa_inventory_occ_89914
89913,taxa_inventory_occ_89913
89912,taxa_inventory_occ_89912
89911,taxa_inventory_occ_89911
89910,taxa_inventory_occ_89910
89909,taxa_inventory_occ_89909
89908,taxa_inventory_occ_89908
89907,taxa_inventory_occ_89907
89906,taxa_inventory_occ_89906
89923,taxa_inventory_occ_89923
89924,taxa_inventory_occ_89924
89925,taxa_inventory_occ_89925
89926,taxa_inventory_occ_89926
89927,taxa_inventory_occ_89927
89928,taxa_inventory_occ_89928
89941,taxa_inventory_occ_89941
89942,taxa_inventory_occ_89942
89943,taxa_inventory_occ_89943
89944,taxa_inventory_occ_89944
89945,taxa_inventory_occ_89945
89946,taxa_inventory_occ_89946
89947,taxa_inventory_occ_89947
89948,taxa_inventory_occ_89948
89949,taxa_inventory_occ_89949
89950,taxa_inventory_occ_89950
89951,taxa_inventory_occ_89951
89952,taxa_inventory_occ_89952
89953,taxa_inventory_occ_89953
89954,taxa_inventory_occ_89954
89955,taxa_inventory_occ_89955
89956,taxa_inventory_occ_89956
89957,taxa_inventory_occ_89957
89958,taxa_inventory_occ_89958
89959,taxa_inventory_occ_89959
89960,taxa_inventory_occ_89960
89961,taxa_inventory_occ_89961
89962,taxa_inventory_occ_89962
89963,taxa_inventory_occ_89963
89964,taxa_inventory_occ_89964
89965,taxa_inventory_occ_89965
89966,taxa_inventory_occ_89966
89967,taxa_inventory_occ_89967
89968,taxa_inventory_occ_89968
89969,taxa_inventory_occ_89969
89970,taxa_inventory_occ_89970
89971,taxa_inventory_occ_89971
89972,taxa_inventory_occ_89972
89973,taxa_inventory_occ_89973
89974,taxa_inventory_occ_89974
89975,taxa_inventory_occ_89975
89976,taxa_inventory_occ_89976
89977,taxa_inventory_occ_89977
89978,taxa_inventory_occ_89978
89979,taxa_inventory_occ_89979
89980,taxa_inventory_occ_89980
89981,taxa_inventory_occ_89981
89982,taxa_inventory_occ_89982
89983,taxa_inventory_occ_89983
89984,taxa_inventory_occ_89984
89985,taxa_inventory_occ_89985
89986,taxa_inventory_occ_89986
89987,taxa_inventory_occ_89987
89988,taxa_inventory_occ_89988
89989,taxa_inventory_occ_89989
89990,taxa_inventory_occ_89990
89991,taxa_inventory_occ_89991
89992,taxa_inventory_occ_89992
89993,taxa_inventory_occ_89993
89994,taxa_inventory_occ_89994
89995,taxa_inventory_occ_89995
89996,taxa_inventory_occ_89996
89997,taxa_inventory_occ_89997
89998,taxa_inventory_occ_89998
89999,taxa_inventory_occ_89999
90000,taxa_inventory_occ_90000
90001,taxa_inventory_occ_90001
90002,taxa_inventory_occ_90002
90003,taxa_inventory_occ_90003
90004,taxa_inventory_occ_90004
90005,taxa_inventory_occ_90005
90006,taxa_inventory_occ_90006
90007,taxa_inventory_occ_90007
90008,taxa_inventory_occ_90008
90009,taxa_inventory_occ_90009
90010,taxa_inventory_occ_90010
90011,taxa_inventory_occ_90011
90012,taxa_inventory_occ_90012
90013,taxa_inventory_occ_90013
90014,taxa_inventory_occ_90014
90015,taxa_inventory_occ_90015
90016,taxa_inventory_occ_90016
90017,taxa_inventory_occ_90017
90018,taxa_inventory_occ_90018
90019,taxa_inventory_occ_90019
90020,taxa_inventory_occ_90020
90021,taxa_inventory_occ_90021
90022,taxa_inventory_occ_90022
90023,taxa_inventory_occ_90023
90024,taxa_inventory_occ_90024
90025,taxa_inventory_occ_90025
90026,taxa_inventory_occ_90026
90027,taxa_inventory_occ_90027
90028,taxa_inventory_occ_90028
90029,taxa_inventory_occ_90029
90030,taxa_inventory_occ_90030
90031,taxa_inventory_occ_90031
90032,taxa_inventory_occ_90032
90033,taxa_inventory_occ_90033
90034,taxa_inventory_occ_90034
90035,taxa_inventory_occ_90035
90036,taxa_inventory_occ_90036
90037,taxa_inventory_occ_90037
90038,taxa_inventory_occ_90038
90039,taxa_inventory_occ_90039
90040,taxa_inventory_occ_90040
90041,taxa_inventory_occ_90041
90042,taxa_inventory_occ_90042
90043,taxa_inventory_occ_90043
90044,taxa_inventory_occ_90044
90045,taxa_inventory_occ_90045
90046,taxa_inventory_occ_90046
90047,taxa_inventory_occ_90047
90048,taxa_inventory_occ_90048
90049,taxa_inventory_occ_90049
90050,taxa_inventory_occ_90050
90051,taxa_inventory_occ_90051
90052,taxa_inventory_occ_90052
90053,taxa_inventory_occ_90053
90054,taxa_inventory_occ_90054
90055,taxa_inventory_occ_90055
90056,taxa_inventory_occ_90056
90057,taxa_inventory_occ_90057
90058,taxa_inventory_occ_90058
90059,taxa_inventory_occ_90059
90060,taxa_inventory_occ_90060
90061,taxa_inventory_occ_90061
90062,taxa_inventory_occ_90062
90063,taxa_inventory_occ_90063
90064,taxa_inventory_occ_90064
90065,taxa_inventory_occ_90065
90066,taxa_inventory_occ_90066
90067,taxa_inventory_occ_90067
90068,taxa_inventory_occ_90068
90069,taxa_inventory_occ_90069
90070,taxa_inventory_occ_90070
90071,taxa_inventory_occ_90071
90072,taxa_inventory_occ_90072
90073,taxa_inventory_occ_90073
90074,taxa_inventory_occ_90074
90075,taxa_inventory_occ_90075
90076,taxa_inventory_occ_90076
90077,taxa_inventory_occ_90077
90078,taxa_inventory_occ_90078
90079,taxa_inventory_occ_90079
90080,taxa_inventory_occ_90080
90081,taxa_inventory_occ_90081
90082,taxa_inventory_occ_90082
90083,taxa_inventory_occ_90083
90084,taxa_inventory_occ_90084
90085,taxa_inventory_occ_90085
90086,taxa_inventory_occ_90086
90087,taxa_inventory_occ_90087
90088,taxa_inventory_occ_90088
90089,taxa_inventory_occ_90089
90090,taxa_inventory_occ_90090
90091,taxa_inventory_occ_90091
90092,taxa_inventory_occ_90092
90093,taxa_inventory_occ_90093
90094,taxa_inventory_occ_90094
90095,taxa_inventory_occ_90095
90096,taxa_inventory_occ_90096
90097,taxa_inventory_occ_90097
90098,taxa_inventory_occ_90098
90099,taxa_inventory_occ_90099
90100,taxa_inventory_occ_90100
90101,taxa_inventory_occ_90101
90102,taxa_inventory_occ_90102
90103,taxa_inventory_occ_90103
90104,taxa_inventory_occ_90104
90105,taxa_inventory_occ_90105
90106,taxa_inventory_occ_90106
90107,taxa_inventory_occ_90107
90108,taxa_inventory_occ_90108
90109,taxa_inventory_occ_90109
90110,taxa_inventory_occ_90110
90111,taxa_inventory_occ_90111
90112,taxa_inventory_occ_90112
90113,taxa_inventory_occ_90113
90114,taxa_inventory_occ_90114
90115,taxa_inventory_occ_90115
90116,taxa_inventory_occ_90116
90117,taxa_inventory_occ_90117
90118,taxa_inventory_occ_90118
90119,taxa_inventory_occ_90119
90120,taxa_inventory_occ_90120
90121,taxa_inventory_occ_90121
90122,taxa_inventory_occ_90122
90123,taxa_inventory_occ_90123
90124,taxa_inventory_occ_90124
90125,taxa_inventory_occ_90125
90126,taxa_inventory_occ_90126
90127,taxa_inventory_occ_90127
90128,taxa_inventory_occ_90128
90129,taxa_inventory_occ_90129
90130,taxa_inventory_occ_90130
90137,taxa_inventory_occ_90137
90138,taxa_inventory_occ_90138
90139,taxa_inventory_occ_90139
90140,taxa_inventory_occ_90140
90141,taxa_inventory_occ_90141
90142,taxa_inventory_occ_90142
90143,taxa_inventory_occ_90143
90144,taxa_inventory_occ_90144
90145,taxa_inventory_occ_90145
90163,taxa_inventory_occ_90163
90161,taxa_inventory_occ_90161
90160,taxa_inventory_occ_90160
90159,taxa_inventory_occ_90159
90158,taxa_inventory_occ_90158
90157,taxa_inventory_occ_90157
90146,taxa_inventory_occ_90146
90136,taxa_inventory_occ_90136
90135,taxa_inventory_occ_90135
90134,taxa_inventory_occ_90134
90133,taxa_inventory_occ_90133
90132,taxa_inventory_occ_90132
90131,taxa_inventory_occ_90131
90147,taxa_inventory_occ_90147
90148,taxa_inventory_occ_90148
90149,taxa_inventory_occ_90149
90150,taxa_inventory_occ_90150
90151,taxa_inventory_occ_90151
90165,taxa_inventory_occ_90165
90164,taxa_inventory_occ_90164
90156,taxa_inventory_occ_90156
90155,taxa_inventory_occ_90155
90154,taxa_inventory_occ_90154
90153,taxa_inventory_occ_90153
90152,taxa_inventory_occ_90152
90171,taxa_inventory_occ_90171
90172,taxa_inventory_occ_90172
90173,taxa_inventory_occ_90173
90174,taxa_inventory_occ_90174
90175,taxa_inventory_occ_90175
90170,taxa_inventory_occ_90170
90169,taxa_inventory_occ_90169
90168,taxa_inventory_occ_90168
90167,taxa_inventory_occ_90167
90166,taxa_inventory_occ_90166
90176,taxa_inventory_occ_90176
