plot_id,occurrence_id,occurrence_identifier
37,66531,taxa_inventory_occ_66531
37,66532,taxa_inventory_occ_66532
37,66533,taxa_inventory_occ_66533
37,66534,taxa_inventory_occ_66534
37,66535,taxa_inventory_occ_66535
38,68055,taxa_inventory_occ_68055
38,68056,taxa_inventory_occ_68056
38,68057,taxa_inventory_occ_68057
38,68058,taxa_inventory_occ_68058
38,68059,taxa_inventory_occ_68059
39,68060,taxa_inventory_occ_68060
39,68061,taxa_inventory_occ_68061
39,68062,taxa_inventory_occ_68062
39,68063,taxa_inventory_occ_68063
39,68064,taxa_inventory_occ_68064
39,68065,taxa_inventory_occ_68065
39,68066,taxa_inventory_occ_68066
39,68067,taxa_inventory_occ_68067
39,68068,taxa_inventory_occ_68068
39,68069,taxa_inventory_occ_68069
39,68070,taxa_inventory_occ_68070
39,68071,taxa_inventory_occ_68071
37,83242,taxa_inventory_occ_83242
41,83243,taxa_inventory_occ_83243
41,83244,taxa_inventory_occ_83244
41,83245,taxa_inventory_occ_83245
41,83246,taxa_inventory_occ_83246
41,83247,taxa_inventory_occ_83247
41,83248,taxa_inventory_occ_83248
41,83249,taxa_inventory_occ_83249
41,83250,taxa_inventory_occ_83250
41,83251,taxa_inventory_occ_83251
41,83252,taxa_inventory_occ_83252
41,83253,taxa_inventory_occ_83253
41,83254,taxa_inventory_occ_83254
41,83255,taxa_inventory_occ_83255
41,83256,taxa_inventory_occ_83256
41,83257,taxa_inventory_occ_83257
41,83258,taxa_inventory_occ_83258
42,83259,taxa_inventory_occ_83259
42,83260,taxa_inventory_occ_83260
42,83261,taxa_inventory_occ_83261
42,83262,taxa_inventory_occ_83262
42,83263,taxa_inventory_occ_83263
42,83264,taxa_inventory_occ_83264
42,83265,taxa_inventory_occ_83265
42,83266,taxa_inventory_occ_83266
42,83267,taxa_inventory_occ_83267
42,83268,taxa_inventory_occ_83268
42,83269,taxa_inventory_occ_83269
42,83270,taxa_inventory_occ_83270
43,83271,taxa_inventory_occ_83271
44,83272,taxa_inventory_occ_83272
44,83273,taxa_inventory_occ_83273
44,83274,taxa_inventory_occ_83274
44,83275,taxa_inventory_occ_83275
45,83276,taxa_inventory_occ_83276
45,83277,taxa_inventory_occ_83277
38,83279,taxa_inventory_occ_83279
38,83280,taxa_inventory_occ_83280
38,83281,taxa_inventory_occ_83281
43,83282,taxa_inventory_occ_83282
47,83283,taxa_inventory_occ_83283
47,83284,taxa_inventory_occ_83284
47,83285,taxa_inventory_occ_83285
48,83286,taxa_inventory_occ_83286
48,83287,taxa_inventory_occ_83287
48,83288,taxa_inventory_occ_83288
48,83289,taxa_inventory_occ_83289
48,83290,taxa_inventory_occ_83290
48,83291,taxa_inventory_occ_83291
48,83292,taxa_inventory_occ_83292
48,83293,taxa_inventory_occ_83293
48,83294,taxa_inventory_occ_83294
48,83295,taxa_inventory_occ_83295
48,83296,taxa_inventory_occ_83296
48,83297,taxa_inventory_occ_83297
48,83298,taxa_inventory_occ_83298
48,83299,taxa_inventory_occ_83299
48,83300,taxa_inventory_occ_83300
49,83301,taxa_inventory_occ_83301
49,83302,taxa_inventory_occ_83302
49,83303,taxa_inventory_occ_83303
49,83304,taxa_inventory_occ_83304
49,83305,taxa_inventory_occ_83305
49,83306,taxa_inventory_occ_83306
49,83307,taxa_inventory_occ_83307
49,83308,taxa_inventory_occ_83308
50,83309,taxa_inventory_occ_83309
50,83310,taxa_inventory_occ_83310
50,83311,taxa_inventory_occ_83311
50,83312,taxa_inventory_occ_83312
50,83313,taxa_inventory_occ_83313
50,83314,taxa_inventory_occ_83314
50,83315,taxa_inventory_occ_83315
50,83316,taxa_inventory_occ_83316
50,83317,taxa_inventory_occ_83317
50,83318,taxa_inventory_occ_83318
50,83319,taxa_inventory_occ_83319
50,83320,taxa_inventory_occ_83320
51,83321,taxa_inventory_occ_83321
51,83322,taxa_inventory_occ_83322
51,83323,taxa_inventory_occ_83323
51,83324,taxa_inventory_occ_83324
51,83325,taxa_inventory_occ_83325
51,83326,taxa_inventory_occ_83326
51,83327,taxa_inventory_occ_83327
51,83328,taxa_inventory_occ_83328
51,83329,taxa_inventory_occ_83329
51,83330,taxa_inventory_occ_83330
51,83331,taxa_inventory_occ_83331
51,83332,taxa_inventory_occ_83332
51,83333,taxa_inventory_occ_83333
51,83334,taxa_inventory_occ_83334
51,83335,taxa_inventory_occ_83335
51,83336,taxa_inventory_occ_83336
51,83337,taxa_inventory_occ_83337
52,83338,taxa_inventory_occ_83338
52,83339,taxa_inventory_occ_83339
52,83340,taxa_inventory_occ_83340
54,83341,taxa_inventory_occ_83341
54,83342,taxa_inventory_occ_83342
54,83343,taxa_inventory_occ_83343
54,83344,taxa_inventory_occ_83344
54,83345,taxa_inventory_occ_83345
55,83346,taxa_inventory_occ_83346
55,83347,taxa_inventory_occ_83347
55,83348,taxa_inventory_occ_83348
55,83349,taxa_inventory_occ_83349
55,83350,taxa_inventory_occ_83350
55,83351,taxa_inventory_occ_83351
56,83352,taxa_inventory_occ_83352
56,83353,taxa_inventory_occ_83353
56,83354,taxa_inventory_occ_83354
56,83355,taxa_inventory_occ_83355
56,83356,taxa_inventory_occ_83356
56,83357,taxa_inventory_occ_83357
56,83358,taxa_inventory_occ_83358
54,83359,taxa_inventory_occ_83359
57,83360,taxa_inventory_occ_83360
57,83361,taxa_inventory_occ_83361
57,83362,taxa_inventory_occ_83362
57,83363,taxa_inventory_occ_83363
57,83364,taxa_inventory_occ_83364
57,83365,taxa_inventory_occ_83365
57,83366,taxa_inventory_occ_83366
57,83367,taxa_inventory_occ_83367
57,83368,taxa_inventory_occ_83368
57,83369,taxa_inventory_occ_83369
58,83370,taxa_inventory_occ_83370
58,83371,taxa_inventory_occ_83371
58,83372,taxa_inventory_occ_83372
58,83373,taxa_inventory_occ_83373
58,83374,taxa_inventory_occ_83374
58,83375,taxa_inventory_occ_83375
58,83376,taxa_inventory_occ_83376
58,83377,taxa_inventory_occ_83377
58,83378,taxa_inventory_occ_83378
58,83379,taxa_inventory_occ_83379
59,83380,taxa_inventory_occ_83380
59,83381,taxa_inventory_occ_83381
59,83382,taxa_inventory_occ_83382
59,83383,taxa_inventory_occ_83383
59,83384,taxa_inventory_occ_83384
59,83385,taxa_inventory_occ_83385
59,83386,taxa_inventory_occ_83386
59,83387,taxa_inventory_occ_83387
59,83388,taxa_inventory_occ_83388
39,83390,taxa_inventory_occ_83390
61,88882,taxa_inventory_occ_88882
61,88883,taxa_inventory_occ_88883
61,88884,taxa_inventory_occ_88884
61,88885,taxa_inventory_occ_88885
62,88886,taxa_inventory_occ_88886
62,88887,taxa_inventory_occ_88887
62,88888,taxa_inventory_occ_88888
62,88889,taxa_inventory_occ_88889
62,88890,taxa_inventory_occ_88890
62,88891,taxa_inventory_occ_88891
62,88892,taxa_inventory_occ_88892
62,88893,taxa_inventory_occ_88893
62,88894,taxa_inventory_occ_88894
62,88895,taxa_inventory_occ_88895
62,88896,taxa_inventory_occ_88896
62,88897,taxa_inventory_occ_88897
62,88898,taxa_inventory_occ_88898
62,88899,taxa_inventory_occ_88899
62,88900,taxa_inventory_occ_88900
62,88901,taxa_inventory_occ_88901
62,88902,taxa_inventory_occ_88902
62,88903,taxa_inventory_occ_88903
62,88904,taxa_inventory_occ_88904
62,88905,taxa_inventory_occ_88905
62,88906,taxa_inventory_occ_88906
62,88907,taxa_inventory_occ_88907
64,88930,taxa_inventory_occ_88930
64,88931,taxa_inventory_occ_88931
64,88932,taxa_inventory_occ_88932
64,88933,taxa_inventory_occ_88933
64,88934,taxa_inventory_occ_88934
64,88935,taxa_inventory_occ_88935
64,88936,taxa_inventory_occ_88936
64,88937,taxa_inventory_occ_88937
64,88938,taxa_inventory_occ_88938
64,88939,taxa_inventory_occ_88939
64,88940,taxa_inventory_occ_88940
64,88941,taxa_inventory_occ_88941
64,88942,taxa_inventory_occ_88942
64,88943,taxa_inventory_occ_88943
64,88944,taxa_inventory_occ_88944
65,88952,taxa_inventory_occ_88952
65,88950,taxa_inventory_occ_88950
65,88949,taxa_inventory_occ_88949
65,88948,taxa_inventory_occ_88948
65,88947,taxa_inventory_occ_88947
65,88946,taxa_inventory_occ_88946
65,88945,taxa_inventory_occ_88945
65,88953,taxa_inventory_occ_88953
65,88954,taxa_inventory_occ_88954
63,88929,taxa_inventory_occ_88929
63,88928,taxa_inventory_occ_88928
63,88927,taxa_inventory_occ_88927
63,88926,taxa_inventory_occ_88926
63,88925,taxa_inventory_occ_88925
63,88924,taxa_inventory_occ_88924
63,88923,taxa_inventory_occ_88923
63,88922,taxa_inventory_occ_88922
63,88921,taxa_inventory_occ_88921
63,88920,taxa_inventory_occ_88920
63,88919,taxa_inventory_occ_88919
63,88918,taxa_inventory_occ_88918
63,88917,taxa_inventory_occ_88917
63,88916,taxa_inventory_occ_88916
63,88915,taxa_inventory_occ_88915
63,88914,taxa_inventory_occ_88914
63,88913,taxa_inventory_occ_88913
63,88912,taxa_inventory_occ_88912
63,88911,taxa_inventory_occ_88911
63,88910,taxa_inventory_occ_88910
63,88909,taxa_inventory_occ_88909
63,88908,taxa_inventory_occ_88908
66,88955,taxa_inventory_occ_88955
66,88956,taxa_inventory_occ_88956
66,88957,taxa_inventory_occ_88957
66,88958,taxa_inventory_occ_88958
66,88959,taxa_inventory_occ_88959
66,88960,taxa_inventory_occ_88960
66,88961,taxa_inventory_occ_88961
66,88962,taxa_inventory_occ_88962
67,88963,taxa_inventory_occ_88963
67,88964,taxa_inventory_occ_88964
67,88965,taxa_inventory_occ_88965
67,88966,taxa_inventory_occ_88966
67,88967,taxa_inventory_occ_88967
67,88968,taxa_inventory_occ_88968
67,88969,taxa_inventory_occ_88969
67,88970,taxa_inventory_occ_88970
67,88971,taxa_inventory_occ_88971
67,88972,taxa_inventory_occ_88972
67,88973,taxa_inventory_occ_88973
67,88974,taxa_inventory_occ_88974
67,88975,taxa_inventory_occ_88975
67,88976,taxa_inventory_occ_88976
68,88977,taxa_inventory_occ_88977
68,88978,taxa_inventory_occ_88978
68,88979,taxa_inventory_occ_88979
68,88980,taxa_inventory_occ_88980
68,88981,taxa_inventory_occ_88981
68,88982,taxa_inventory_occ_88982
68,88983,taxa_inventory_occ_88983
68,88984,taxa_inventory_occ_88984
72,89024,taxa_inventory_occ_89024
72,89025,taxa_inventory_occ_89025
72,89026,taxa_inventory_occ_89026
72,89027,taxa_inventory_occ_89027
72,89028,taxa_inventory_occ_89028
72,89029,taxa_inventory_occ_89029
72,89030,taxa_inventory_occ_89030
72,89031,taxa_inventory_occ_89031
72,89032,taxa_inventory_occ_89032
72,89033,taxa_inventory_occ_89033
72,89034,taxa_inventory_occ_89034
72,89035,taxa_inventory_occ_89035
72,89036,taxa_inventory_occ_89036
72,89037,taxa_inventory_occ_89037
72,89038,taxa_inventory_occ_89038
72,89039,taxa_inventory_occ_89039
72,89040,taxa_inventory_occ_89040
72,89041,taxa_inventory_occ_89041
72,89042,taxa_inventory_occ_89042
72,89043,taxa_inventory_occ_89043
72,89044,taxa_inventory_occ_89044
73,89045,taxa_inventory_occ_89045
73,89046,taxa_inventory_occ_89046
73,89047,taxa_inventory_occ_89047
73,89048,taxa_inventory_occ_89048
73,89049,taxa_inventory_occ_89049
73,89050,taxa_inventory_occ_89050
73,89051,taxa_inventory_occ_89051
73,89052,taxa_inventory_occ_89052
73,89053,taxa_inventory_occ_89053
73,89054,taxa_inventory_occ_89054
73,89055,taxa_inventory_occ_89055
73,89056,taxa_inventory_occ_89056
74,89062,taxa_inventory_occ_89062
74,89061,taxa_inventory_occ_89061
74,89060,taxa_inventory_occ_89060
74,89059,taxa_inventory_occ_89059
74,89058,taxa_inventory_occ_89058
74,89057,taxa_inventory_occ_89057
71,89013,taxa_inventory_occ_89013
71,89014,taxa_inventory_occ_89014
71,89015,taxa_inventory_occ_89015
71,89016,taxa_inventory_occ_89016
71,89017,taxa_inventory_occ_89017
71,89018,taxa_inventory_occ_89018
71,89019,taxa_inventory_occ_89019
71,89020,taxa_inventory_occ_89020
71,89021,taxa_inventory_occ_89021
71,89022,taxa_inventory_occ_89022
71,89023,taxa_inventory_occ_89023
69,88985,taxa_inventory_occ_88985
69,88986,taxa_inventory_occ_88986
69,88987,taxa_inventory_occ_88987
69,88988,taxa_inventory_occ_88988
69,88989,taxa_inventory_occ_88989
69,88990,taxa_inventory_occ_88990
69,88991,taxa_inventory_occ_88991
69,88992,taxa_inventory_occ_88992
69,88993,taxa_inventory_occ_88993
69,88994,taxa_inventory_occ_88994
69,88995,taxa_inventory_occ_88995
69,88996,taxa_inventory_occ_88996
69,88997,taxa_inventory_occ_88997
69,88998,taxa_inventory_occ_88998
69,88999,taxa_inventory_occ_88999
69,89000,taxa_inventory_occ_89000
69,89001,taxa_inventory_occ_89001
69,89002,taxa_inventory_occ_89002
69,89003,taxa_inventory_occ_89003
69,89004,taxa_inventory_occ_89004
69,89005,taxa_inventory_occ_89005
70,89006,taxa_inventory_occ_89006
70,89007,taxa_inventory_occ_89007
70,89008,taxa_inventory_occ_89008
70,89009,taxa_inventory_occ_89009
70,89010,taxa_inventory_occ_89010
70,89011,taxa_inventory_occ_89011
70,89012,taxa_inventory_occ_89012
75,89063,taxa_inventory_occ_89063
75,89064,taxa_inventory_occ_89064
75,89065,taxa_inventory_occ_89065
75,89066,taxa_inventory_occ_89066
75,89067,taxa_inventory_occ_89067
75,89068,taxa_inventory_occ_89068
75,89069,taxa_inventory_occ_89069
75,89070,taxa_inventory_occ_89070
75,89071,taxa_inventory_occ_89071
75,89072,taxa_inventory_occ_89072
75,89073,taxa_inventory_occ_89073
75,89074,taxa_inventory_occ_89074
75,89075,taxa_inventory_occ_89075
75,89076,taxa_inventory_occ_89076
75,89077,taxa_inventory_occ_89077
75,89078,taxa_inventory_occ_89078
75,89079,taxa_inventory_occ_89079
75,89080,taxa_inventory_occ_89080
75,89081,taxa_inventory_occ_89081
75,89082,taxa_inventory_occ_89082
75,89083,taxa_inventory_occ_89083
75,89084,taxa_inventory_occ_89084
75,89085,taxa_inventory_occ_89085
75,89086,taxa_inventory_occ_89086
75,89087,taxa_inventory_occ_89087
75,89088,taxa_inventory_occ_89088
76,89089,taxa_inventory_occ_89089
76,89090,taxa_inventory_occ_89090
76,89091,taxa_inventory_occ_89091
76,89092,taxa_inventory_occ_89092
76,89093,taxa_inventory_occ_89093
76,89094,taxa_inventory_occ_89094
76,89095,taxa_inventory_occ_89095
76,89096,taxa_inventory_occ_89096
76,89097,taxa_inventory_occ_89097
76,89098,taxa_inventory_occ_89098
76,89099,taxa_inventory_occ_89099
77,89100,taxa_inventory_occ_89100
77,89101,taxa_inventory_occ_89101
77,89102,taxa_inventory_occ_89102
77,89103,taxa_inventory_occ_89103
77,89104,taxa_inventory_occ_89104
77,89105,taxa_inventory_occ_89105
77,89106,taxa_inventory_occ_89106
77,89107,taxa_inventory_occ_89107
77,89108,taxa_inventory_occ_89108
77,89109,taxa_inventory_occ_89109
77,89110,taxa_inventory_occ_89110
77,89111,taxa_inventory_occ_89111
77,89112,taxa_inventory_occ_89112
77,89113,taxa_inventory_occ_89113
77,89114,taxa_inventory_occ_89114
77,89115,taxa_inventory_occ_89115
77,89116,taxa_inventory_occ_89116
77,89117,taxa_inventory_occ_89117
77,89118,taxa_inventory_occ_89118
77,89119,taxa_inventory_occ_89119
77,89120,taxa_inventory_occ_89120
77,89121,taxa_inventory_occ_89121
77,89122,taxa_inventory_occ_89122
78,89123,taxa_inventory_occ_89123
78,89124,taxa_inventory_occ_89124
78,89125,taxa_inventory_occ_89125
78,89126,taxa_inventory_occ_89126
78,89127,taxa_inventory_occ_89127
78,89128,taxa_inventory_occ_89128
78,89129,taxa_inventory_occ_89129
78,89130,taxa_inventory_occ_89130
78,89131,taxa_inventory_occ_89131
78,89132,taxa_inventory_occ_89132
78,89133,taxa_inventory_occ_89133
78,89134,taxa_inventory_occ_89134
78,89135,taxa_inventory_occ_89135
78,89136,taxa_inventory_occ_89136
78,89137,taxa_inventory_occ_89137
78,89138,taxa_inventory_occ_89138
78,89139,taxa_inventory_occ_89139
78,89140,taxa_inventory_occ_89140
78,89141,taxa_inventory_occ_89141
78,89142,taxa_inventory_occ_89142
78,89143,taxa_inventory_occ_89143
78,89144,taxa_inventory_occ_89144
78,89145,taxa_inventory_occ_89145
79,89146,taxa_inventory_occ_89146
79,89147,taxa_inventory_occ_89147
79,89148,taxa_inventory_occ_89148
79,89149,taxa_inventory_occ_89149
79,89150,taxa_inventory_occ_89150
79,89151,taxa_inventory_occ_89151
79,89152,taxa_inventory_occ_89152
79,89153,taxa_inventory_occ_89153
79,89154,taxa_inventory_occ_89154
79,89155,taxa_inventory_occ_89155
79,89156,taxa_inventory_occ_89156
79,89157,taxa_inventory_occ_89157
79,89158,taxa_inventory_occ_89158
79,89159,taxa_inventory_occ_89159
80,89160,taxa_inventory_occ_89160
80,89161,taxa_inventory_occ_89161
80,89162,taxa_inventory_occ_89162
80,89163,taxa_inventory_occ_89163
80,89164,taxa_inventory_occ_89164
80,89165,taxa_inventory_occ_89165
80,89166,taxa_inventory_occ_89166
80,89167,taxa_inventory_occ_89167
80,89168,taxa_inventory_occ_89168
80,89169,taxa_inventory_occ_89169
80,89170,taxa_inventory_occ_89170
80,89171,taxa_inventory_occ_89171
80,89172,taxa_inventory_occ_89172
80,89173,taxa_inventory_occ_89173
80,89174,taxa_inventory_occ_89174
80,89175,taxa_inventory_occ_89175
80,89176,taxa_inventory_occ_89176
80,89177,taxa_inventory_occ_89177
80,89178,taxa_inventory_occ_89178
80,89179,taxa_inventory_occ_89179
80,89180,taxa_inventory_occ_89180
80,89181,taxa_inventory_occ_89181
80,89182,taxa_inventory_occ_89182
80,89183,taxa_inventory_occ_89183
80,89184,taxa_inventory_occ_89184
82,89193,taxa_inventory_occ_89193
82,89194,taxa_inventory_occ_89194
82,89195,taxa_inventory_occ_89195
82,89196,taxa_inventory_occ_89196
82,89197,taxa_inventory_occ_89197
82,89198,taxa_inventory_occ_89198
82,89199,taxa_inventory_occ_89199
82,89200,taxa_inventory_occ_89200
83,89201,taxa_inventory_occ_89201
83,89202,taxa_inventory_occ_89202
83,89203,taxa_inventory_occ_89203
81,89192,taxa_inventory_occ_89192
81,89191,taxa_inventory_occ_89191
81,89190,taxa_inventory_occ_89190
81,89189,taxa_inventory_occ_89189
81,89188,taxa_inventory_occ_89188
81,89187,taxa_inventory_occ_89187
81,89186,taxa_inventory_occ_89186
81,89185,taxa_inventory_occ_89185
81,89204,taxa_inventory_occ_89204
81,89205,taxa_inventory_occ_89205
81,89206,taxa_inventory_occ_89206
81,89207,taxa_inventory_occ_89207
81,89208,taxa_inventory_occ_89208
81,89209,taxa_inventory_occ_89209
81,89210,taxa_inventory_occ_89210
84,89211,taxa_inventory_occ_89211
84,89212,taxa_inventory_occ_89212
84,89213,taxa_inventory_occ_89213
84,89214,taxa_inventory_occ_89214
84,89215,taxa_inventory_occ_89215
85,89216,taxa_inventory_occ_89216
85,89217,taxa_inventory_occ_89217
85,89218,taxa_inventory_occ_89218
85,89219,taxa_inventory_occ_89219
85,89220,taxa_inventory_occ_89220
85,89221,taxa_inventory_occ_89221
85,89222,taxa_inventory_occ_89222
85,89223,taxa_inventory_occ_89223
85,89224,taxa_inventory_occ_89224
85,89225,taxa_inventory_occ_89225
85,89226,taxa_inventory_occ_89226
86,89227,taxa_inventory_occ_89227
86,89228,taxa_inventory_occ_89228
86,89229,taxa_inventory_occ_89229
86,89230,taxa_inventory_occ_89230
86,89231,taxa_inventory_occ_89231
86,89232,taxa_inventory_occ_89232
86,89233,taxa_inventory_occ_89233
86,89234,taxa_inventory_occ_89234
86,89235,taxa_inventory_occ_89235
86,89236,taxa_inventory_occ_89236
86,89237,taxa_inventory_occ_89237
86,89238,taxa_inventory_occ_89238
86,89239,taxa_inventory_occ_89239
86,89240,taxa_inventory_occ_89240
86,89241,taxa_inventory_occ_89241
86,89242,taxa_inventory_occ_89242
86,89243,taxa_inventory_occ_89243
86,89244,taxa_inventory_occ_89244
87,89245,taxa_inventory_occ_89245
87,89246,taxa_inventory_occ_89246
87,89247,taxa_inventory_occ_89247
87,89248,taxa_inventory_occ_89248
87,89249,taxa_inventory_occ_89249
87,89250,taxa_inventory_occ_89250
87,89251,taxa_inventory_occ_89251
87,89252,taxa_inventory_occ_89252
87,89253,taxa_inventory_occ_89253
87,89254,taxa_inventory_occ_89254
87,89255,taxa_inventory_occ_89255
87,89256,taxa_inventory_occ_89256
87,89257,taxa_inventory_occ_89257
87,89258,taxa_inventory_occ_89258
87,89259,taxa_inventory_occ_89259
87,89260,taxa_inventory_occ_89260
87,89261,taxa_inventory_occ_89261
87,89262,taxa_inventory_occ_89262
87,89263,taxa_inventory_occ_89263
87,89264,taxa_inventory_occ_89264
87,89265,taxa_inventory_occ_89265
87,89266,taxa_inventory_occ_89266
87,89267,taxa_inventory_occ_89267
87,89268,taxa_inventory_occ_89268
87,89269,taxa_inventory_occ_89269
87,89270,taxa_inventory_occ_89270
88,89271,taxa_inventory_occ_89271
88,89272,taxa_inventory_occ_89272
88,89273,taxa_inventory_occ_89273
88,89274,taxa_inventory_occ_89274
88,89275,taxa_inventory_occ_89275
88,89276,taxa_inventory_occ_89276
88,89277,taxa_inventory_occ_89277
88,89278,taxa_inventory_occ_89278
88,89279,taxa_inventory_occ_89279
88,89280,taxa_inventory_occ_89280
88,89281,taxa_inventory_occ_89281
88,89282,taxa_inventory_occ_89282
88,89283,taxa_inventory_occ_89283
88,89284,taxa_inventory_occ_89284
88,89285,taxa_inventory_occ_89285
88,89286,taxa_inventory_occ_89286
88,89287,taxa_inventory_occ_89287
88,89288,taxa_inventory_occ_89288
88,89289,taxa_inventory_occ_89289
88,89290,taxa_inventory_occ_89290
88,89291,taxa_inventory_occ_89291
88,89292,taxa_inventory_occ_89292
88,89293,taxa_inventory_occ_89293
88,89294,taxa_inventory_occ_89294
88,89295,taxa_inventory_occ_89295
88,89296,taxa_inventory_occ_89296
88,89297,taxa_inventory_occ_89297
89,89298,taxa_inventory_occ_89298
89,89299,taxa_inventory_occ_89299
89,89300,taxa_inventory_occ_89300
89,89301,taxa_inventory_occ_89301
89,89302,taxa_inventory_occ_89302
89,89303,taxa_inventory_occ_89303
89,89304,taxa_inventory_occ_89304
89,89305,taxa_inventory_occ_89305
89,89306,taxa_inventory_occ_89306
89,89307,taxa_inventory_occ_89307
89,89308,taxa_inventory_occ_89308
89,89309,taxa_inventory_occ_89309
89,89310,taxa_inventory_occ_89310
89,89311,taxa_inventory_occ_89311
89,89312,taxa_inventory_occ_89312
89,89313,taxa_inventory_occ_89313
89,89314,taxa_inventory_occ_89314
89,89315,taxa_inventory_occ_89315
89,89316,taxa_inventory_occ_89316
89,89317,taxa_inventory_occ_89317
89,89318,taxa_inventory_occ_89318
89,89319,taxa_inventory_occ_89319
89,89320,taxa_inventory_occ_89320
89,89321,taxa_inventory_occ_89321
90,89322,taxa_inventory_occ_89322
90,89323,taxa_inventory_occ_89323
90,89324,taxa_inventory_occ_89324
90,89325,taxa_inventory_occ_89325
90,89326,taxa_inventory_occ_89326
90,89327,taxa_inventory_occ_89327
90,89328,taxa_inventory_occ_89328
90,89329,taxa_inventory_occ_89329
90,89330,taxa_inventory_occ_89330
90,89331,taxa_inventory_occ_89331
90,89332,taxa_inventory_occ_89332
90,89333,taxa_inventory_occ_89333
90,89334,taxa_inventory_occ_89334
90,89335,taxa_inventory_occ_89335
90,89336,taxa_inventory_occ_89336
90,89337,taxa_inventory_occ_89337
90,89338,taxa_inventory_occ_89338
90,89339,taxa_inventory_occ_89339
90,89340,taxa_inventory_occ_89340
90,89341,taxa_inventory_occ_89341
90,89342,taxa_inventory_occ_89342
90,89343,taxa_inventory_occ_89343
90,89344,taxa_inventory_occ_89344
90,89345,taxa_inventory_occ_89345
90,89346,taxa_inventory_occ_89346
90,89347,taxa_inventory_occ_89347
90,89348,taxa_inventory_occ_89348
90,89349,taxa_inventory_occ_89349
90,89350,taxa_inventory_occ_89350
90,89351,taxa_inventory_occ_89351
90,89352,taxa_inventory_occ_89352
90,89353,taxa_inventory_occ_89353
90,89354,taxa_inventory_occ_89354
90,89355,taxa_inventory_occ_89355
91,89356,taxa_inventory_occ_89356
91,89357,taxa_inventory_occ_89357
91,89358,taxa_inventory_occ_89358
91,89359,taxa_inventory_occ_89359
91,89360,taxa_inventory_occ_89360
91,89361,taxa_inventory_occ_89361
91,89362,taxa_inventory_occ_89362
91,89363,taxa_inventory_occ_89363
91,89364,taxa_inventory_occ_89364
91,89365,taxa_inventory_occ_89365
91,89366,taxa_inventory_occ_89366
91,89367,taxa_inventory_occ_89367
91,89368,taxa_inventory_occ_89368
91,89369,taxa_inventory_occ_89369
91,89370,taxa_inventory_occ_89370
91,89371,taxa_inventory_occ_89371
91,89372,taxa_inventory_occ_89372
91,89373,taxa_inventory_occ_89373
91,89374,taxa_inventory_occ_89374
91,89375,taxa_inventory_occ_89375
91,89376,taxa_inventory_occ_89376
91,89377,taxa_inventory_occ_89377
91,89378,taxa_inventory_occ_89378
92,89379,taxa_inventory_occ_89379
92,89380,taxa_inventory_occ_89380
92,89381,taxa_inventory_occ_89381
92,89382,taxa_inventory_occ_89382
92,89383,taxa_inventory_occ_89383
92,89384,taxa_inventory_occ_89384
92,89385,taxa_inventory_occ_89385
92,89386,taxa_inventory_occ_89386
92,89387,taxa_inventory_occ_89387
92,89388,taxa_inventory_occ_89388
92,89389,taxa_inventory_occ_89389
92,89390,taxa_inventory_occ_89390
92,89391,taxa_inventory_occ_89391
92,89392,taxa_inventory_occ_89392
92,89393,taxa_inventory_occ_89393
92,89394,taxa_inventory_occ_89394
92,89395,taxa_inventory_occ_89395
92,89396,taxa_inventory_occ_89396
92,89397,taxa_inventory_occ_89397
92,89398,taxa_inventory_occ_89398
92,89399,taxa_inventory_occ_89399
92,89400,taxa_inventory_occ_89400
92,89401,taxa_inventory_occ_89401
92,89402,taxa_inventory_occ_89402
92,89403,taxa_inventory_occ_89403
92,89404,taxa_inventory_occ_89404
92,89405,taxa_inventory_occ_89405
92,89406,taxa_inventory_occ_89406
92,89407,taxa_inventory_occ_89407
92,89408,taxa_inventory_occ_89408
92,89409,taxa_inventory_occ_89409
92,89410,taxa_inventory_occ_89410
92,89411,taxa_inventory_occ_89411
92,89412,taxa_inventory_occ_89412
92,89413,taxa_inventory_occ_89413
92,89414,taxa_inventory_occ_89414
92,89415,taxa_inventory_occ_89415
93,89416,taxa_inventory_occ_89416
93,89417,taxa_inventory_occ_89417
93,89418,taxa_inventory_occ_89418
93,89419,taxa_inventory_occ_89419
93,89420,taxa_inventory_occ_89420
93,89421,taxa_inventory_occ_89421
93,89422,taxa_inventory_occ_89422
93,89423,taxa_inventory_occ_89423
93,89424,taxa_inventory_occ_89424
93,89425,taxa_inventory_occ_89425
93,89426,taxa_inventory_occ_89426
93,89427,taxa_inventory_occ_89427
93,89428,taxa_inventory_occ_89428
93,89429,taxa_inventory_occ_89429
93,89430,taxa_inventory_occ_89430
93,89431,taxa_inventory_occ_89431
93,89432,taxa_inventory_occ_89432
93,89433,taxa_inventory_occ_89433
93,89434,taxa_inventory_occ_89434
93,89435,taxa_inventory_occ_89435
93,89436,taxa_inventory_occ_89436
93,89437,taxa_inventory_occ_89437
93,89438,taxa_inventory_occ_89438
93,89439,taxa_inventory_occ_89439
93,89440,taxa_inventory_occ_89440
93,89441,taxa_inventory_occ_89441
93,89442,taxa_inventory_occ_89442
93,89443,taxa_inventory_occ_89443
93,89444,taxa_inventory_occ_89444
93,89445,taxa_inventory_occ_89445
93,89446,taxa_inventory_occ_89446
93,89447,taxa_inventory_occ_89447
93,89448,taxa_inventory_occ_89448
93,89449,taxa_inventory_occ_89449
93,89450,taxa_inventory_occ_89450
93,89451,taxa_inventory_occ_89451
93,89452,taxa_inventory_occ_89452
93,89453,taxa_inventory_occ_89453
93,89454,taxa_inventory_occ_89454
93,89455,taxa_inventory_occ_89455
93,89456,taxa_inventory_occ_89456
95,89475,taxa_inventory_occ_89475
95,89476,taxa_inventory_occ_89476
95,89477,taxa_inventory_occ_89477
95,89478,taxa_inventory_occ_89478
95,89479,taxa_inventory_occ_89479
95,89480,taxa_inventory_occ_89480
95,89481,taxa_inventory_occ_89481
95,89482,taxa_inventory_occ_89482
95,89483,taxa_inventory_occ_89483
95,89484,taxa_inventory_occ_89484
95,89485,taxa_inventory_occ_89485
95,89486,taxa_inventory_occ_89486
95,89487,taxa_inventory_occ_89487
95,89488,taxa_inventory_occ_89488
95,89489,taxa_inventory_occ_89489
95,89490,taxa_inventory_occ_89490
95,89491,taxa_inventory_occ_89491
95,89492,taxa_inventory_occ_89492
94,89474,taxa_inventory_occ_89474
94,89473,taxa_inventory_occ_89473
94,89472,taxa_inventory_occ_89472
94,89471,taxa_inventory_occ_89471
94,89470,taxa_inventory_occ_89470
94,89469,taxa_inventory_occ_89469
94,89468,taxa_inventory_occ_89468
94,89467,taxa_inventory_occ_89467
94,89466,taxa_inventory_occ_89466
94,89465,taxa_inventory_occ_89465
94,89464,taxa_inventory_occ_89464
94,89463,taxa_inventory_occ_89463
94,89462,taxa_inventory_occ_89462
94,89461,taxa_inventory_occ_89461
94,89460,taxa_inventory_occ_89460
94,89459,taxa_inventory_occ_89459
94,89458,taxa_inventory_occ_89458
94,89457,taxa_inventory_occ_89457
96,89493,taxa_inventory_occ_89493
96,89494,taxa_inventory_occ_89494
96,89495,taxa_inventory_occ_89495
96,89496,taxa_inventory_occ_89496
96,89497,taxa_inventory_occ_89497
96,89498,taxa_inventory_occ_89498
96,89499,taxa_inventory_occ_89499
96,89500,taxa_inventory_occ_89500
96,89501,taxa_inventory_occ_89501
98,89519,taxa_inventory_occ_89519
98,89520,taxa_inventory_occ_89520
98,89521,taxa_inventory_occ_89521
98,89522,taxa_inventory_occ_89522
98,89523,taxa_inventory_occ_89523
98,89524,taxa_inventory_occ_89524
98,89525,taxa_inventory_occ_89525
98,89526,taxa_inventory_occ_89526
98,89527,taxa_inventory_occ_89527
98,89528,taxa_inventory_occ_89528
98,89529,taxa_inventory_occ_89529
98,89530,taxa_inventory_occ_89530
98,89531,taxa_inventory_occ_89531
98,89532,taxa_inventory_occ_89532
98,89533,taxa_inventory_occ_89533
98,89534,taxa_inventory_occ_89534
99,89535,taxa_inventory_occ_89535
102,89620,taxa_inventory_occ_89620
102,89621,taxa_inventory_occ_89621
102,89622,taxa_inventory_occ_89622
102,89623,taxa_inventory_occ_89623
102,89624,taxa_inventory_occ_89624
102,89625,taxa_inventory_occ_89625
102,89626,taxa_inventory_occ_89626
102,89627,taxa_inventory_occ_89627
103,89628,taxa_inventory_occ_89628
103,89629,taxa_inventory_occ_89629
103,89630,taxa_inventory_occ_89630
103,89631,taxa_inventory_occ_89631
103,89632,taxa_inventory_occ_89632
103,89633,taxa_inventory_occ_89633
103,89634,taxa_inventory_occ_89634
103,89635,taxa_inventory_occ_89635
103,89636,taxa_inventory_occ_89636
103,89637,taxa_inventory_occ_89637
103,89638,taxa_inventory_occ_89638
103,89639,taxa_inventory_occ_89639
103,89640,taxa_inventory_occ_89640
97,89518,taxa_inventory_occ_89518
97,89517,taxa_inventory_occ_89517
97,89516,taxa_inventory_occ_89516
97,89515,taxa_inventory_occ_89515
97,89514,taxa_inventory_occ_89514
97,89513,taxa_inventory_occ_89513
97,89512,taxa_inventory_occ_89512
97,89511,taxa_inventory_occ_89511
97,89510,taxa_inventory_occ_89510
97,89509,taxa_inventory_occ_89509
97,89508,taxa_inventory_occ_89508
97,89507,taxa_inventory_occ_89507
97,89506,taxa_inventory_occ_89506
97,89505,taxa_inventory_occ_89505
97,89504,taxa_inventory_occ_89504
97,89503,taxa_inventory_occ_89503
97,89502,taxa_inventory_occ_89502
100,89584,taxa_inventory_occ_89584
100,89583,taxa_inventory_occ_89583
100,89582,taxa_inventory_occ_89582
100,89581,taxa_inventory_occ_89581
100,89580,taxa_inventory_occ_89580
100,89579,taxa_inventory_occ_89579
100,89578,taxa_inventory_occ_89578
100,89577,taxa_inventory_occ_89577
100,89576,taxa_inventory_occ_89576
100,89575,taxa_inventory_occ_89575
100,89574,taxa_inventory_occ_89574
100,89573,taxa_inventory_occ_89573
100,89572,taxa_inventory_occ_89572
100,89571,taxa_inventory_occ_89571
100,89570,taxa_inventory_occ_89570
100,89569,taxa_inventory_occ_89569
100,89568,taxa_inventory_occ_89568
100,89567,taxa_inventory_occ_89567
100,89566,taxa_inventory_occ_89566
100,89565,taxa_inventory_occ_89565
100,89564,taxa_inventory_occ_89564
100,89563,taxa_inventory_occ_89563
100,89562,taxa_inventory_occ_89562
100,89561,taxa_inventory_occ_89561
100,89560,taxa_inventory_occ_89560
100,89559,taxa_inventory_occ_89559
100,89558,taxa_inventory_occ_89558
100,89557,taxa_inventory_occ_89557
100,89556,taxa_inventory_occ_89556
100,89555,taxa_inventory_occ_89555
100,89554,taxa_inventory_occ_89554
100,89553,taxa_inventory_occ_89553
100,89552,taxa_inventory_occ_89552
100,89551,taxa_inventory_occ_89551
100,89550,taxa_inventory_occ_89550
100,89549,taxa_inventory_occ_89549
100,89548,taxa_inventory_occ_89548
100,89547,taxa_inventory_occ_89547
100,89546,taxa_inventory_occ_89546
100,89545,taxa_inventory_occ_89545
100,89544,taxa_inventory_occ_89544
100,89543,taxa_inventory_occ_89543
100,89542,taxa_inventory_occ_89542
100,89541,taxa_inventory_occ_89541
100,89540,taxa_inventory_occ_89540
100,89539,taxa_inventory_occ_89539
100,89538,taxa_inventory_occ_89538
100,89537,taxa_inventory_occ_89537
100,89536,taxa_inventory_occ_89536
104,89641,taxa_inventory_occ_89641
104,89642,taxa_inventory_occ_89642
104,89643,taxa_inventory_occ_89643
104,89644,taxa_inventory_occ_89644
104,89645,taxa_inventory_occ_89645
104,89646,taxa_inventory_occ_89646
104,89647,taxa_inventory_occ_89647
104,89648,taxa_inventory_occ_89648
104,89649,taxa_inventory_occ_89649
104,89650,taxa_inventory_occ_89650
104,89651,taxa_inventory_occ_89651
104,89652,taxa_inventory_occ_89652
104,89653,taxa_inventory_occ_89653
104,89654,taxa_inventory_occ_89654
104,89655,taxa_inventory_occ_89655
104,89656,taxa_inventory_occ_89656
104,89657,taxa_inventory_occ_89657
104,89658,taxa_inventory_occ_89658
104,89659,taxa_inventory_occ_89659
104,89660,taxa_inventory_occ_89660
104,89661,taxa_inventory_occ_89661
104,89662,taxa_inventory_occ_89662
104,89663,taxa_inventory_occ_89663
104,89664,taxa_inventory_occ_89664
104,89665,taxa_inventory_occ_89665
104,89666,taxa_inventory_occ_89666
104,89667,taxa_inventory_occ_89667
104,89668,taxa_inventory_occ_89668
104,89669,taxa_inventory_occ_89669
104,89670,taxa_inventory_occ_89670
101,89619,taxa_inventory_occ_89619
101,89618,taxa_inventory_occ_89618
101,89617,taxa_inventory_occ_89617
101,89616,taxa_inventory_occ_89616
101,89615,taxa_inventory_occ_89615
101,89614,taxa_inventory_occ_89614
101,89613,taxa_inventory_occ_89613
101,89612,taxa_inventory_occ_89612
101,89611,taxa_inventory_occ_89611
101,89610,taxa_inventory_occ_89610
101,89609,taxa_inventory_occ_89609
101,89608,taxa_inventory_occ_89608
101,89607,taxa_inventory_occ_89607
101,89606,taxa_inventory_occ_89606
101,89605,taxa_inventory_occ_89605
101,89604,taxa_inventory_occ_89604
101,89603,taxa_inventory_occ_89603
101,89602,taxa_inventory_occ_89602
101,89601,taxa_inventory_occ_89601
101,89600,taxa_inventory_occ_89600
101,89599,taxa_inventory_occ_89599
101,89598,taxa_inventory_occ_89598
101,89597,taxa_inventory_occ_89597
101,89596,taxa_inventory_occ_89596
101,89595,taxa_inventory_occ_89595
101,89594,taxa_inventory_occ_89594
101,89593,taxa_inventory_occ_89593
101,89592,taxa_inventory_occ_89592
101,89591,taxa_inventory_occ_89591
101,89590,taxa_inventory_occ_89590
101,89589,taxa_inventory_occ_89589
101,89588,taxa_inventory_occ_89588
101,89586,taxa_inventory_occ_89586
101,89585,taxa_inventory_occ_89585
104,89671,taxa_inventory_occ_89671
104,89672,taxa_inventory_occ_89672
104,89673,taxa_inventory_occ_89673
104,89674,taxa_inventory_occ_89674
104,89675,taxa_inventory_occ_89675
104,89676,taxa_inventory_occ_89676
104,89677,taxa_inventory_occ_89677
104,89678,taxa_inventory_occ_89678
104,89679,taxa_inventory_occ_89679
106,89683,taxa_inventory_occ_89683
106,89684,taxa_inventory_occ_89684
106,89685,taxa_inventory_occ_89685
106,89686,taxa_inventory_occ_89686
106,89687,taxa_inventory_occ_89687
106,89688,taxa_inventory_occ_89688
106,89689,taxa_inventory_occ_89689
106,89690,taxa_inventory_occ_89690
106,89691,taxa_inventory_occ_89691
106,89692,taxa_inventory_occ_89692
108,89708,taxa_inventory_occ_89708
108,89707,taxa_inventory_occ_89707
108,89706,taxa_inventory_occ_89706
108,89705,taxa_inventory_occ_89705
108,89704,taxa_inventory_occ_89704
108,89703,taxa_inventory_occ_89703
108,89702,taxa_inventory_occ_89702
108,89701,taxa_inventory_occ_89701
108,89700,taxa_inventory_occ_89700
108,89699,taxa_inventory_occ_89699
108,89698,taxa_inventory_occ_89698
108,89697,taxa_inventory_occ_89697
108,89722,taxa_inventory_occ_89722
109,89721,taxa_inventory_occ_89721
109,89720,taxa_inventory_occ_89720
109,89719,taxa_inventory_occ_89719
109,89718,taxa_inventory_occ_89718
109,89717,taxa_inventory_occ_89717
109,89716,taxa_inventory_occ_89716
109,89715,taxa_inventory_occ_89715
109,89714,taxa_inventory_occ_89714
109,89713,taxa_inventory_occ_89713
109,89712,taxa_inventory_occ_89712
109,89711,taxa_inventory_occ_89711
109,89710,taxa_inventory_occ_89710
109,89709,taxa_inventory_occ_89709
118,89770,taxa_inventory_occ_89770
118,89769,taxa_inventory_occ_89769
118,89768,taxa_inventory_occ_89768
118,89767,taxa_inventory_occ_89767
118,89766,taxa_inventory_occ_89766
118,89765,taxa_inventory_occ_89765
118,89764,taxa_inventory_occ_89764
118,89763,taxa_inventory_occ_89763
118,89762,taxa_inventory_occ_89762
118,89761,taxa_inventory_occ_89761
118,89760,taxa_inventory_occ_89760
118,89759,taxa_inventory_occ_89759
118,89758,taxa_inventory_occ_89758
118,89757,taxa_inventory_occ_89757
118,89756,taxa_inventory_occ_89756
118,89755,taxa_inventory_occ_89755
118,89754,taxa_inventory_occ_89754
119,89771,taxa_inventory_occ_89771
119,89772,taxa_inventory_occ_89772
119,89773,taxa_inventory_occ_89773
119,89774,taxa_inventory_occ_89774
119,89775,taxa_inventory_occ_89775
119,89776,taxa_inventory_occ_89776
119,89777,taxa_inventory_occ_89777
119,89778,taxa_inventory_occ_89778
119,89779,taxa_inventory_occ_89779
119,89780,taxa_inventory_occ_89780
119,89781,taxa_inventory_occ_89781
119,89782,taxa_inventory_occ_89782
119,89783,taxa_inventory_occ_89783
119,89784,taxa_inventory_occ_89784
119,89785,taxa_inventory_occ_89785
119,89786,taxa_inventory_occ_89786
119,89787,taxa_inventory_occ_89787
119,89788,taxa_inventory_occ_89788
119,89789,taxa_inventory_occ_89789
119,89790,taxa_inventory_occ_89790
119,89791,taxa_inventory_occ_89791
119,89792,taxa_inventory_occ_89792
119,89793,taxa_inventory_occ_89793
123,89807,taxa_inventory_occ_89807
123,89808,taxa_inventory_occ_89808
123,89809,taxa_inventory_occ_89809
123,89810,taxa_inventory_occ_89810
123,89811,taxa_inventory_occ_89811
123,89812,taxa_inventory_occ_89812
123,89813,taxa_inventory_occ_89813
123,89814,taxa_inventory_occ_89814
123,89815,taxa_inventory_occ_89815
123,89816,taxa_inventory_occ_89816
123,89817,taxa_inventory_occ_89817
123,89818,taxa_inventory_occ_89818
123,89819,taxa_inventory_occ_89819
123,89820,taxa_inventory_occ_89820
123,89821,taxa_inventory_occ_89821
123,89822,taxa_inventory_occ_89822
123,89823,taxa_inventory_occ_89823
123,89824,taxa_inventory_occ_89824
123,89825,taxa_inventory_occ_89825
123,89826,taxa_inventory_occ_89826
123,89827,taxa_inventory_occ_89827
123,89828,taxa_inventory_occ_89828
123,89829,taxa_inventory_occ_89829
123,89830,taxa_inventory_occ_89830
123,89831,taxa_inventory_occ_89831
123,89832,taxa_inventory_occ_89832
123,89833,taxa_inventory_occ_89833
123,89834,taxa_inventory_occ_89834
123,89835,taxa_inventory_occ_89835
123,89836,taxa_inventory_occ_89836
124,89837,taxa_inventory_occ_89837
124,89838,taxa_inventory_occ_89838
124,89839,taxa_inventory_occ_89839
124,89840,taxa_inventory_occ_89840
124,89841,taxa_inventory_occ_89841
124,89842,taxa_inventory_occ_89842
124,89843,taxa_inventory_occ_89843
124,89844,taxa_inventory_occ_89844
112,89723,taxa_inventory_occ_89723
112,89724,taxa_inventory_occ_89724
112,89725,taxa_inventory_occ_89725
112,89726,taxa_inventory_occ_89726
112,89727,taxa_inventory_occ_89727
105,89680,taxa_inventory_occ_89680
105,89681,taxa_inventory_occ_89681
105,89682,taxa_inventory_occ_89682
107,89693,taxa_inventory_occ_89693
107,89694,taxa_inventory_occ_89694
107,89695,taxa_inventory_occ_89695
107,89696,taxa_inventory_occ_89696
115,89749,taxa_inventory_occ_89749
115,89748,taxa_inventory_occ_89748
115,89743,taxa_inventory_occ_89743
115,89742,taxa_inventory_occ_89742
115,89741,taxa_inventory_occ_89741
115,89805,taxa_inventory_occ_89805
114,89753,taxa_inventory_occ_89753
114,89752,taxa_inventory_occ_89752
114,89751,taxa_inventory_occ_89751
114,89740,taxa_inventory_occ_89740
114,89739,taxa_inventory_occ_89739
114,89738,taxa_inventory_occ_89738
116,89750,taxa_inventory_occ_89750
116,89747,taxa_inventory_occ_89747
116,89746,taxa_inventory_occ_89746
116,89745,taxa_inventory_occ_89745
116,89744,taxa_inventory_occ_89744
116,89804,taxa_inventory_occ_89804
121,89794,taxa_inventory_occ_89794
121,89795,taxa_inventory_occ_89795
121,89796,taxa_inventory_occ_89796
122,89803,taxa_inventory_occ_89803
122,89802,taxa_inventory_occ_89802
122,89801,taxa_inventory_occ_89801
122,89800,taxa_inventory_occ_89800
122,89799,taxa_inventory_occ_89799
122,89798,taxa_inventory_occ_89798
122,89797,taxa_inventory_occ_89797
124,89845,taxa_inventory_occ_89845
113,89731,taxa_inventory_occ_89731
113,89732,taxa_inventory_occ_89732
113,89733,taxa_inventory_occ_89733
113,89734,taxa_inventory_occ_89734
113,89735,taxa_inventory_occ_89735
112,89728,taxa_inventory_occ_89728
112,89729,taxa_inventory_occ_89729
112,89730,taxa_inventory_occ_89730
114,89737,taxa_inventory_occ_89737
114,89736,taxa_inventory_occ_89736
114,89806,taxa_inventory_occ_89806
136,89940,taxa_inventory_occ_89940
129,89850,taxa_inventory_occ_89850
129,89851,taxa_inventory_occ_89851
130,89852,taxa_inventory_occ_89852
131,89875,taxa_inventory_occ_89875
131,89874,taxa_inventory_occ_89874
131,89873,taxa_inventory_occ_89873
131,89872,taxa_inventory_occ_89872
131,89871,taxa_inventory_occ_89871
131,89870,taxa_inventory_occ_89870
131,89869,taxa_inventory_occ_89869
131,89868,taxa_inventory_occ_89868
131,89867,taxa_inventory_occ_89867
131,89866,taxa_inventory_occ_89866
131,89865,taxa_inventory_occ_89865
131,89864,taxa_inventory_occ_89864
131,89863,taxa_inventory_occ_89863
131,89862,taxa_inventory_occ_89862
131,89861,taxa_inventory_occ_89861
131,89860,taxa_inventory_occ_89860
131,89859,taxa_inventory_occ_89859
131,89858,taxa_inventory_occ_89858
131,89857,taxa_inventory_occ_89857
131,89856,taxa_inventory_occ_89856
131,89855,taxa_inventory_occ_89855
131,89854,taxa_inventory_occ_89854
131,89853,taxa_inventory_occ_89853
132,89895,taxa_inventory_occ_89895
132,89894,taxa_inventory_occ_89894
132,89893,taxa_inventory_occ_89893
132,89892,taxa_inventory_occ_89892
132,89891,taxa_inventory_occ_89891
132,89890,taxa_inventory_occ_89890
132,89889,taxa_inventory_occ_89889
132,89888,taxa_inventory_occ_89888
132,89887,taxa_inventory_occ_89887
132,89886,taxa_inventory_occ_89886
132,89885,taxa_inventory_occ_89885
132,89884,taxa_inventory_occ_89884
132,89883,taxa_inventory_occ_89883
132,89882,taxa_inventory_occ_89882
132,89881,taxa_inventory_occ_89881
132,89880,taxa_inventory_occ_89880
132,89879,taxa_inventory_occ_89879
132,89878,taxa_inventory_occ_89878
132,89877,taxa_inventory_occ_89877
132,89876,taxa_inventory_occ_89876
133,89896,taxa_inventory_occ_89896
133,89897,taxa_inventory_occ_89897
133,89898,taxa_inventory_occ_89898
133,89899,taxa_inventory_occ_89899
133,89900,taxa_inventory_occ_89900
133,89901,taxa_inventory_occ_89901
133,89902,taxa_inventory_occ_89902
133,89903,taxa_inventory_occ_89903
133,89904,taxa_inventory_occ_89904
133,89905,taxa_inventory_occ_89905
136,89939,taxa_inventory_occ_89939
136,89938,taxa_inventory_occ_89938
136,89937,taxa_inventory_occ_89937
136,89936,taxa_inventory_occ_89936
136,89935,taxa_inventory_occ_89935
136,89934,taxa_inventory_occ_89934
136,89933,taxa_inventory_occ_89933
136,89932,taxa_inventory_occ_89932
136,89931,taxa_inventory_occ_89931
136,89930,taxa_inventory_occ_89930
136,89929,taxa_inventory_occ_89929
134,89922,taxa_inventory_occ_89922
134,89921,taxa_inventory_occ_89921
134,89920,taxa_inventory_occ_89920
134,89919,taxa_inventory_occ_89919
134,89918,taxa_inventory_occ_89918
134,89917,taxa_inventory_occ_89917
134,89916,taxa_inventory_occ_89916
134,89915,taxa_inventory_occ_89915
134,89914,taxa_inventory_occ_89914
134,89913,taxa_inventory_occ_89913
134,89912,taxa_inventory_occ_89912
134,89911,taxa_inventory_occ_89911
134,89910,taxa_inventory_occ_89910
134,89909,taxa_inventory_occ_89909
134,89908,taxa_inventory_occ_89908
134,89907,taxa_inventory_occ_89907
134,89906,taxa_inventory_occ_89906
135,89923,taxa_inventory_occ_89923
135,89924,taxa_inventory_occ_89924
135,89925,taxa_inventory_occ_89925
135,89926,taxa_inventory_occ_89926
135,89927,taxa_inventory_occ_89927
135,89928,taxa_inventory_occ_89928
137,89941,taxa_inventory_occ_89941
137,89942,taxa_inventory_occ_89942
137,89943,taxa_inventory_occ_89943
137,89944,taxa_inventory_occ_89944
137,89945,taxa_inventory_occ_89945
137,89946,taxa_inventory_occ_89946
137,89947,taxa_inventory_occ_89947
137,89948,taxa_inventory_occ_89948
137,89949,taxa_inventory_occ_89949
137,89950,taxa_inventory_occ_89950
138,89951,taxa_inventory_occ_89951
138,89952,taxa_inventory_occ_89952
138,89953,taxa_inventory_occ_89953
138,89954,taxa_inventory_occ_89954
138,89955,taxa_inventory_occ_89955
138,89956,taxa_inventory_occ_89956
138,89957,taxa_inventory_occ_89957
138,89958,taxa_inventory_occ_89958
138,89959,taxa_inventory_occ_89959
138,89960,taxa_inventory_occ_89960
138,89961,taxa_inventory_occ_89961
138,89962,taxa_inventory_occ_89962
138,89963,taxa_inventory_occ_89963
138,89964,taxa_inventory_occ_89964
138,89965,taxa_inventory_occ_89965
138,89966,taxa_inventory_occ_89966
138,89967,taxa_inventory_occ_89967
138,89968,taxa_inventory_occ_89968
138,89969,taxa_inventory_occ_89969
138,89970,taxa_inventory_occ_89970
138,89971,taxa_inventory_occ_89971
139,89972,taxa_inventory_occ_89972
139,89973,taxa_inventory_occ_89973
139,89974,taxa_inventory_occ_89974
139,89975,taxa_inventory_occ_89975
139,89976,taxa_inventory_occ_89976
139,89977,taxa_inventory_occ_89977
139,89978,taxa_inventory_occ_89978
139,89979,taxa_inventory_occ_89979
139,89980,taxa_inventory_occ_89980
139,89981,taxa_inventory_occ_89981
139,89982,taxa_inventory_occ_89982
139,89983,taxa_inventory_occ_89983
139,89984,taxa_inventory_occ_89984
139,89985,taxa_inventory_occ_89985
139,89986,taxa_inventory_occ_89986
139,89987,taxa_inventory_occ_89987
139,89988,taxa_inventory_occ_89988
139,89989,taxa_inventory_occ_89989
139,89990,taxa_inventory_occ_89990
139,89991,taxa_inventory_occ_89991
139,89992,taxa_inventory_occ_89992
139,89993,taxa_inventory_occ_89993
139,89994,taxa_inventory_occ_89994
139,89995,taxa_inventory_occ_89995
139,89996,taxa_inventory_occ_89996
139,89997,taxa_inventory_occ_89997
139,89998,taxa_inventory_occ_89998
139,89999,taxa_inventory_occ_89999
139,90000,taxa_inventory_occ_90000
139,90001,taxa_inventory_occ_90001
139,90002,taxa_inventory_occ_90002
139,90003,taxa_inventory_occ_90003
139,90004,taxa_inventory_occ_90004
139,90005,taxa_inventory_occ_90005
139,90006,taxa_inventory_occ_90006
139,90007,taxa_inventory_occ_90007
139,90008,taxa_inventory_occ_90008
139,90009,taxa_inventory_occ_90009
139,90010,taxa_inventory_occ_90010
139,90011,taxa_inventory_occ_90011
139,90012,taxa_inventory_occ_90012
139,90013,taxa_inventory_occ_90013
139,90014,taxa_inventory_occ_90014
139,90015,taxa_inventory_occ_90015
139,90016,taxa_inventory_occ_90016
140,90017,taxa_inventory_occ_90017
140,90018,taxa_inventory_occ_90018
140,90019,taxa_inventory_occ_90019
140,90020,taxa_inventory_occ_90020
140,90021,taxa_inventory_occ_90021
140,90022,taxa_inventory_occ_90022
140,90023,taxa_inventory_occ_90023
140,90024,taxa_inventory_occ_90024
140,90025,taxa_inventory_occ_90025
140,90026,taxa_inventory_occ_90026
140,90027,taxa_inventory_occ_90027
140,90028,taxa_inventory_occ_90028
140,90029,taxa_inventory_occ_90029
140,90030,taxa_inventory_occ_90030
140,90031,taxa_inventory_occ_90031
140,90032,taxa_inventory_occ_90032
140,90033,taxa_inventory_occ_90033
140,90034,taxa_inventory_occ_90034
140,90035,taxa_inventory_occ_90035
140,90036,taxa_inventory_occ_90036
140,90037,taxa_inventory_occ_90037
140,90038,taxa_inventory_occ_90038
140,90039,taxa_inventory_occ_90039
140,90040,taxa_inventory_occ_90040
140,90041,taxa_inventory_occ_90041
140,90042,taxa_inventory_occ_90042
140,90043,taxa_inventory_occ_90043
140,90044,taxa_inventory_occ_90044
140,90045,taxa_inventory_occ_90045
140,90046,taxa_inventory_occ_90046
140,90047,taxa_inventory_occ_90047
140,90048,taxa_inventory_occ_90048
140,90049,taxa_inventory_occ_90049
140,90050,taxa_inventory_occ_90050
140,90051,taxa_inventory_occ_90051
140,90052,taxa_inventory_occ_90052
140,90053,taxa_inventory_occ_90053
140,90054,taxa_inventory_occ_90054
140,90055,taxa_inventory_occ_90055
141,90056,taxa_inventory_occ_90056
141,90057,taxa_inventory_occ_90057
141,90058,taxa_inventory_occ_90058
141,90059,taxa_inventory_occ_90059
141,90060,taxa_inventory_occ_90060
141,90061,taxa_inventory_occ_90061
141,90062,taxa_inventory_occ_90062
141,90063,taxa_inventory_occ_90063
141,90064,taxa_inventory_occ_90064
141,90065,taxa_inventory_occ_90065
141,90066,taxa_inventory_occ_90066
141,90067,taxa_inventory_occ_90067
141,90068,taxa_inventory_occ_90068
141,90069,taxa_inventory_occ_90069
141,90070,taxa_inventory_occ_90070
141,90071,taxa_inventory_occ_90071
141,90072,taxa_inventory_occ_90072
141,90073,taxa_inventory_occ_90073
142,90074,taxa_inventory_occ_90074
142,90075,taxa_inventory_occ_90075
142,90076,taxa_inventory_occ_90076
142,90077,taxa_inventory_occ_90077
142,90078,taxa_inventory_occ_90078
142,90079,taxa_inventory_occ_90079
142,90080,taxa_inventory_occ_90080
142,90081,taxa_inventory_occ_90081
142,90082,taxa_inventory_occ_90082
142,90083,taxa_inventory_occ_90083
142,90084,taxa_inventory_occ_90084
142,90085,taxa_inventory_occ_90085
142,90086,taxa_inventory_occ_90086
142,90087,taxa_inventory_occ_90087
142,90088,taxa_inventory_occ_90088
142,90089,taxa_inventory_occ_90089
142,90090,taxa_inventory_occ_90090
143,90091,taxa_inventory_occ_90091
143,90092,taxa_inventory_occ_90092
143,90093,taxa_inventory_occ_90093
143,90094,taxa_inventory_occ_90094
143,90095,taxa_inventory_occ_90095
143,90096,taxa_inventory_occ_90096
143,90097,taxa_inventory_occ_90097
143,90098,taxa_inventory_occ_90098
143,90099,taxa_inventory_occ_90099
143,90100,taxa_inventory_occ_90100
143,90101,taxa_inventory_occ_90101
145,90102,taxa_inventory_occ_90102
145,90103,taxa_inventory_occ_90103
145,90104,taxa_inventory_occ_90104
145,90105,taxa_inventory_occ_90105
145,90106,taxa_inventory_occ_90106
145,90107,taxa_inventory_occ_90107
145,90108,taxa_inventory_occ_90108
145,90109,taxa_inventory_occ_90109
145,90110,taxa_inventory_occ_90110
145,90111,taxa_inventory_occ_90111
145,90112,taxa_inventory_occ_90112
145,90113,taxa_inventory_occ_90113
146,90114,taxa_inventory_occ_90114
146,90115,taxa_inventory_occ_90115
146,90116,taxa_inventory_occ_90116
146,90117,taxa_inventory_occ_90117
146,90118,taxa_inventory_occ_90118
146,90119,taxa_inventory_occ_90119
146,90120,taxa_inventory_occ_90120
146,90121,taxa_inventory_occ_90121
146,90122,taxa_inventory_occ_90122
146,90123,taxa_inventory_occ_90123
146,90124,taxa_inventory_occ_90124
146,90125,taxa_inventory_occ_90125
146,90126,taxa_inventory_occ_90126
146,90127,taxa_inventory_occ_90127
146,90128,taxa_inventory_occ_90128
146,90129,taxa_inventory_occ_90129
146,90130,taxa_inventory_occ_90130
148,90137,taxa_inventory_occ_90137
148,90138,taxa_inventory_occ_90138
148,90139,taxa_inventory_occ_90139
148,90140,taxa_inventory_occ_90140
149,90141,taxa_inventory_occ_90141
149,90142,taxa_inventory_occ_90142
149,90143,taxa_inventory_occ_90143
149,90144,taxa_inventory_occ_90144
149,90145,taxa_inventory_occ_90145
152,90163,taxa_inventory_occ_90163
152,90161,taxa_inventory_occ_90161
152,90160,taxa_inventory_occ_90160
152,90159,taxa_inventory_occ_90159
152,90158,taxa_inventory_occ_90158
152,90157,taxa_inventory_occ_90157
147,90146,taxa_inventory_occ_90146
147,90136,taxa_inventory_occ_90136
147,90135,taxa_inventory_occ_90135
147,90134,taxa_inventory_occ_90134
147,90133,taxa_inventory_occ_90133
147,90132,taxa_inventory_occ_90132
147,90131,taxa_inventory_occ_90131
147,90147,taxa_inventory_occ_90147
147,90148,taxa_inventory_occ_90148
147,90149,taxa_inventory_occ_90149
147,90150,taxa_inventory_occ_90150
147,90151,taxa_inventory_occ_90151
152,90165,taxa_inventory_occ_90165
152,90164,taxa_inventory_occ_90164
152,90156,taxa_inventory_occ_90156
152,90155,taxa_inventory_occ_90155
152,90154,taxa_inventory_occ_90154
152,90153,taxa_inventory_occ_90153
152,90152,taxa_inventory_occ_90152
152,90171,taxa_inventory_occ_90171
152,90172,taxa_inventory_occ_90172
152,90173,taxa_inventory_occ_90173
152,90174,taxa_inventory_occ_90174
152,90175,taxa_inventory_occ_90175
153,90170,taxa_inventory_occ_90170
153,90169,taxa_inventory_occ_90169
153,90168,taxa_inventory_occ_90168
153,90167,taxa_inventory_occ_90167
153,90166,taxa_inventory_occ_90166
153,90176,taxa_inventory_occ_90176
